source.table,fy,current.constant,usa.or.foreign,direct.indirect.hire,pay.type,amount
tbl_6-14,1970,current,us,direct.hire,general.schedule,7322460000
tbl_6-14,1970,current,us,direct.hire,wage.board,4218766000
tbl_6-14,1970,current,foreign,direct.hire,foreign.nationals.direct.hire,293738000
tbl_6-14,1970,current,foreign,indirect.hire,foreign.national.indirect.hire,368588000
tbl_6-14,1971,current,us,direct.hire,general.schedule,7563332000
tbl_6-14,1971,current,us,direct.hire,wage.board,4236158000
tbl_6-14,1971,current,foreign,direct.hire,foreign.nationals.direct.hire,297534000
tbl_6-14,1971,current,foreign,indirect.hire,foreign.national.indirect.hire,406956000
tbl_6-14,1972,current,us,direct.hire,general.schedule,8125799000
tbl_6-14,1972,current,us,direct.hire,wage.board,4341701000
tbl_6-14,1972,current,foreign,direct.hire,foreign.nationals.direct.hire,251856000
tbl_6-14,1972,current,foreign,indirect.hire,foreign.national.indirect.hire,502373000
tbl_6-14,1973,current,us,direct.hire,general.schedule,8243279000
tbl_6-14,1973,current,us,direct.hire,wage.board,4508037000
tbl_6-14,1973,current,foreign,direct.hire,foreign.nationals.direct.hire,179776000
tbl_6-14,1973,current,foreign,indirect.hire,foreign.national.indirect.hire,642648000
tbl_6-14,1974,current,us,direct.hire,general.schedule,8564289000
tbl_6-14,1974,current,us,direct.hire,wage.board,4635296000
tbl_6-14,1974,current,foreign,direct.hire,foreign.nationals.direct.hire,167923000
tbl_6-14,1974,current,foreign,indirect.hire,foreign.national.indirect.hire,769487000
tbl_6-14,1975,current,us,direct.hire,general.schedule,9157047000
tbl_6-14,1975,current,us,direct.hire,wage.board,5161056000
tbl_6-14,1975,current,foreign,direct.hire,foreign.nationals.direct.hire,181024000
tbl_6-14,1975,current,foreign,indirect.hire,foreign.national.indirect.hire,834404000
tbl_6-14,1976,current,us,direct.hire,general.schedule,9713310000
tbl_6-14,1976,current,us,direct.hire,wage.board,5612971000
tbl_6-14,1976,current,foreign,direct.hire,foreign.nationals.direct.hire,200741000
tbl_6-14,1976,current,foreign,indirect.hire,foreign.national.indirect.hire,890691000
tbl_6-14,1977,current,us,direct.hire,general.schedule,10364135000
tbl_6-14,1977,current,us,direct.hire,wage.board,5995442000
tbl_6-14,1977,current,foreign,direct.hire,foreign.nationals.direct.hire,232510000
tbl_6-14,1977,current,foreign,indirect.hire,foreign.national.indirect.hire,957228000
tbl_6-14,1978,current,us,direct.hire,general.schedule,11063068000
tbl_6-14,1978,current,us,direct.hire,wage.board,6283002000
tbl_6-14,1978,current,foreign,direct.hire,foreign.nationals.direct.hire,255877000
tbl_6-14,1978,current,foreign,indirect.hire,foreign.national.indirect.hire,1251639000
tbl_6-14,1979,current,us,direct.hire,general.schedule,12255408000
tbl_6-14,1979,current,us,direct.hire,wage.board,6640054000
tbl_6-14,1979,current,foreign,direct.hire,foreign.nationals.direct.hire,282817000
tbl_6-14,1979,current,foreign,indirect.hire,foreign.national.indirect.hire,1315714000
tbl_6-14,1980,current,us,direct.hire,general.schedule,13300575000
tbl_6-14,1980,current,us,direct.hire,wage.board,7222536000
tbl_6-14,1980,current,foreign,direct.hire,foreign.nationals.direct.hire,307627000
tbl_6-14,1980,current,foreign,indirect.hire,foreign.national.indirect.hire,1431132000
tbl_6-14,1981,current,us,direct.hire,general.schedule,14165371000
tbl_6-14,1981,current,us,direct.hire,wage.board,7745903000
tbl_6-14,1981,current,foreign,direct.hire,foreign.nationals.direct.hire,330379000
tbl_6-14,1981,current,foreign,indirect.hire,foreign.national.indirect.hire,1533365000
tbl_6-14,1982,current,us,direct.hire,general.schedule,15800350000
tbl_6-14,1982,current,us,direct.hire,wage.board,8422631000
tbl_6-14,1982,current,foreign,direct.hire,foreign.nationals.direct.hire,360029000
tbl_6-14,1982,current,foreign,indirect.hire,foreign.national.indirect.hire,1482442000
tbl_6-14,1983,current,us,direct.hire,general.schedule,17598704000
tbl_6-14,1983,current,us,direct.hire,wage.board,8638545000
tbl_6-14,1983,current,foreign,direct.hire,foreign.nationals.direct.hire,340864000
tbl_6-14,1983,current,foreign,indirect.hire,foreign.national.indirect.hire,1183643000
tbl_6-14,1984,current,us,direct.hire,general.schedule,18597308000
tbl_6-14,1984,current,us,direct.hire,wage.board,9165655000
tbl_6-14,1984,current,foreign,direct.hire,foreign.nationals.direct.hire,356986000
tbl_6-14,1984,current,foreign,indirect.hire,foreign.national.indirect.hire,1331913000
tbl_6-14,1985,current,us,direct.hire,general.schedule,20357719000
tbl_6-14,1985,current,us,direct.hire,wage.board,9458264000
tbl_6-14,1985,current,foreign,direct.hire,foreign.nationals.direct.hire,365663000
tbl_6-14,1985,current,foreign,indirect.hire,foreign.national.indirect.hire,1222151000
tbl_6-14,1986,current,us,direct.hire,general.schedule,21255995000
tbl_6-14,1986,current,us,direct.hire,wage.board,9394063000
tbl_6-14,1986,current,foreign,direct.hire,foreign.nationals.direct.hire,395480000
tbl_6-14,1986,current,foreign,indirect.hire,foreign.national.indirect.hire,1115798000
tbl_6-14,1987,current,us,direct.hire,general.schedule,22529058000
tbl_6-14,1987,current,us,direct.hire,wage.board,9433538000
tbl_6-14,1987,current,foreign,direct.hire,foreign.nationals.direct.hire,454213000
tbl_6-14,1987,current,foreign,indirect.hire,foreign.national.indirect.hire,1677939000
tbl_6-14,1988,current,us,direct.hire,general.schedule,23895795000
tbl_6-14,1988,current,us,direct.hire,wage.board,9555068000
tbl_6-14,1988,current,foreign,direct.hire,foreign.nationals.direct.hire,488464000
tbl_6-14,1988,current,foreign,indirect.hire,foreign.national.indirect.hire,1911939000
tbl_6-14,1989,current,us,direct.hire,general.schedule,25481775000
tbl_6-14,1989,current,us,direct.hire,wage.board,9675274000
tbl_6-14,1989,current,foreign,direct.hire,foreign.nationals.direct.hire,550618000
tbl_6-14,1989,current,foreign,indirect.hire,foreign.national.indirect.hire,1904390000
tbl_6-14,1990,current,us,direct.hire,general.schedule,27327015000
tbl_6-14,1990,current,us,direct.hire,wage.board,9910821000
tbl_6-14,1990,current,foreign,direct.hire,foreign.nationals.direct.hire,634059000
tbl_6-14,1990,current,foreign,indirect.hire,foreign.national.indirect.hire,1934594000
tbl_6-14,1991,current,us,direct.hire,general.schedule,28679764000
tbl_6-14,1991,current,us,direct.hire,wage.board,9974471000
tbl_6-14,1991,current,foreign,direct.hire,foreign.nationals.direct.hire,619588000
tbl_6-14,1991,current,foreign,indirect.hire,foreign.national.indirect.hire,1865466000
tbl_6-14,1992,current,us,direct.hire,general.schedule,29668620000
tbl_6-14,1992,current,us,direct.hire,wage.board,9579728000
tbl_6-14,1992,current,foreign,direct.hire,foreign.nationals.direct.hire,631872000
tbl_6-14,1992,current,foreign,indirect.hire,foreign.national.indirect.hire,1899189000
tbl_6-14,1993,current,us,direct.hire,general.schedule,31334339000
tbl_6-14,1993,current,us,direct.hire,wage.board,10321348000
tbl_6-14,1993,current,foreign,direct.hire,foreign.nationals.direct.hire,644234000
tbl_6-14,1993,current,foreign,indirect.hire,foreign.national.indirect.hire,1868189000
tbl_6-14,1994,current,us,direct.hire,general.schedule,32112819000
tbl_6-14,1994,current,us,direct.hire,wage.board,9438220000
tbl_6-14,1994,current,foreign,direct.hire,foreign.nationals.direct.hire,523075000
tbl_6-14,1994,current,foreign,indirect.hire,foreign.national.indirect.hire,1505849000
tbl_6-14,1995,current,us,direct.hire,general.schedule,32171834000
tbl_6-14,1995,current,us,direct.hire,wage.board,9368241000
tbl_6-14,1995,current,foreign,direct.hire,foreign.nationals.direct.hire,501181000
tbl_6-14,1995,current,foreign,indirect.hire,foreign.national.indirect.hire,1517319000
tbl_6-14,1996,current,us,direct.hire,general.schedule,32450228000
tbl_6-14,1996,current,us,direct.hire,wage.board,8639200000
tbl_6-14,1996,current,foreign,direct.hire,foreign.nationals.direct.hire,627627000
tbl_6-14,1996,current,foreign,indirect.hire,foreign.national.indirect.hire,1314076000
tbl_6-14,1997,current,us,direct.hire,general.schedule,32605841000
tbl_6-14,1997,current,us,direct.hire,wage.board,8211314000
tbl_6-14,1997,current,foreign,direct.hire,foreign.nationals.direct.hire,536098000
tbl_6-14,1997,current,foreign,indirect.hire,foreign.national.indirect.hire,1386928000
tbl_6-14,1998,current,us,direct.hire,general.schedule,31445032000
tbl_6-14,1998,current,us,direct.hire,wage.board,8085280000
tbl_6-14,1998,current,foreign,direct.hire,foreign.nationals.direct.hire,492516000
tbl_6-14,1998,current,foreign,indirect.hire,foreign.national.indirect.hire,1232017000
tbl_6-14,1999,current,us,direct.hire,general.schedule,31894925000
tbl_6-14,1999,current,us,direct.hire,wage.board,7975582000
tbl_6-14,1999,current,foreign,direct.hire,foreign.nationals.direct.hire,444574000
tbl_6-14,1999,current,foreign,indirect.hire,foreign.national.indirect.hire,911108000
tbl_6-14,2000,current,us,direct.hire,general.schedule,32565504000
tbl_6-14,2000,current,us,direct.hire,wage.board,7882645000
tbl_6-14,2000,current,foreign,direct.hire,foreign.nationals.direct.hire,437151000
tbl_6-14,2000,current,foreign,indirect.hire,foreign.national.indirect.hire,1046633000
tbl_6-14,2001,current,us,direct.hire,general.schedule,33942235000
tbl_6-14,2001,current,us,direct.hire,wage.board,7875336000
tbl_6-14,2001,current,foreign,direct.hire,foreign.nationals.direct.hire,442409000
tbl_6-14,2001,current,foreign,indirect.hire,foreign.national.indirect.hire,981061000
tbl_6-14,2002,current,us,direct.hire,general.schedule,36463010000
tbl_6-14,2002,current,us,direct.hire,wage.board,8118404000
tbl_6-14,2002,current,foreign,direct.hire,foreign.nationals.direct.hire,463570000
tbl_6-14,2002,current,foreign,indirect.hire,foreign.national.indirect.hire,818599000
tbl_6-14,2003,current,us,direct.hire,general.schedule,38058363000
tbl_6-14,2003,current,us,direct.hire,wage.board,8109277000
tbl_6-14,2003,current,foreign,direct.hire,foreign.nationals.direct.hire,342300000
tbl_6-14,2003,current,foreign,indirect.hire,foreign.national.indirect.hire,836188000
tbl_6-14,2004,current,us,direct.hire,general.schedule,40212280000
tbl_6-14,2004,current,us,direct.hire,wage.board,8755251000
tbl_6-14,2004,current,foreign,direct.hire,foreign.nationals.direct.hire,376256000
tbl_6-14,2004,current,foreign,indirect.hire,foreign.national.indirect.hire,961374000
tbl_6-14,2005,current,us,direct.hire,general.schedule,43016309000
tbl_6-14,2005,current,us,direct.hire,wage.board,9066115000
tbl_6-14,2005,current,foreign,direct.hire,foreign.nationals.direct.hire,365954000
tbl_6-14,2005,current,foreign,indirect.hire,foreign.national.indirect.hire,1086876000
tbl_6-14,2006,current,us,direct.hire,general.schedule,46707259000
tbl_6-14,2006,current,us,direct.hire,wage.board,8899655000
tbl_6-14,2006,current,foreign,direct.hire,foreign.nationals.direct.hire,466788000
tbl_6-14,2006,current,foreign,indirect.hire,foreign.national.indirect.hire,1148262000
tbl_6-14,2007,current,us,direct.hire,general.schedule,47047988000
tbl_6-14,2007,current,us,direct.hire,wage.board,9483080000
tbl_6-14,2007,current,foreign,direct.hire,foreign.nationals.direct.hire,413695000
tbl_6-14,2007,current,foreign,indirect.hire,foreign.national.indirect.hire,1202955000
tbl_6-14,2008,current,us,direct.hire,general.schedule,49397869000
tbl_6-14,2008,current,us,direct.hire,wage.board,10233296000
tbl_6-14,2008,current,foreign,direct.hire,foreign.nationals.direct.hire,467561000
tbl_6-14,2008,current,foreign,indirect.hire,foreign.national.indirect.hire,1197292000
tbl_6-14,2009,current,us,direct.hire,general.schedule,54579685000
tbl_6-14,2009,current,us,direct.hire,wage.board,10120109000
tbl_6-14,2009,current,foreign,direct.hire,foreign.nationals.direct.hire,500569000
tbl_6-14,2009,current,foreign,indirect.hire,foreign.national.indirect.hire,1223504000
tbl_6-14,2010,current,us,direct.hire,general.schedule,55460110000
tbl_6-14,2010,current,us,direct.hire,wage.board,10533188000
tbl_6-14,2010,current,foreign,direct.hire,foreign.nationals.direct.hire,493942000
tbl_6-14,2010,current,foreign,indirect.hire,foreign.national.indirect.hire,1265902000
tbl_6-14,2011,current,us,direct.hire,general.schedule,62336304000
tbl_6-14,2011,current,us,direct.hire,wage.board,11477811000
tbl_6-14,2011,current,foreign,direct.hire,foreign.nationals.direct.hire,1026678000
tbl_6-14,2011,current,foreign,indirect.hire,foreign.national.indirect.hire,1608260000
tbl_6-14,2012,current,us,direct.hire,general.schedule,65126332000
tbl_6-14,2012,current,us,direct.hire,wage.board,10451027000
tbl_6-14,2012,current,foreign,direct.hire,foreign.nationals.direct.hire,465339000
tbl_6-14,2012,current,foreign,indirect.hire,foreign.national.indirect.hire,1205951000
tbl_6-14,2013,current,us,direct.hire,general.schedule,64632577000
tbl_6-14,2013,current,us,direct.hire,wage.board,9653994000
tbl_6-14,2013,current,foreign,direct.hire,foreign.nationals.direct.hire,476993000
tbl_6-14,2013,current,foreign,indirect.hire,foreign.national.indirect.hire,1248463000
tbl_6-14,2014,current,us,direct.hire,general.schedule,64657766000
tbl_6-14,2014,current,us,direct.hire,wage.board,9700765000
tbl_6-14,2014,current,foreign,direct.hire,foreign.nationals.direct.hire,513483000
tbl_6-14,2014,current,foreign,indirect.hire,foreign.national.indirect.hire,1129410000
tbl_6-14,2015,current,us,direct.hire,general.schedule,66735079000
tbl_6-14,2015,current,us,direct.hire,wage.board,8941629000
tbl_6-14,2015,current,foreign,direct.hire,foreign.nationals.direct.hire,781568000
tbl_6-14,2015,current,foreign,indirect.hire,foreign.national.indirect.hire,867577000
tbl_6-14,2016,current,us,direct.hire,general.schedule,67862621000
tbl_6-14,2016,current,us,direct.hire,wage.board,10425278000
tbl_6-14,2016,current,foreign,direct.hire,foreign.nationals.direct.hire,577337000
tbl_6-14,2016,current,foreign,indirect.hire,foreign.national.indirect.hire,774286000
tbl_6-14,2017,current,us,direct.hire,general.schedule,68777651000
tbl_6-14,2017,current,us,direct.hire,wage.board,10773953000
tbl_6-14,2017,current,foreign,direct.hire,foreign.nationals.direct.hire,580010000
tbl_6-14,2017,current,foreign,indirect.hire,foreign.national.indirect.hire,708200000
tbl_6-14,2018,current,us,direct.hire,general.schedule,71047871000
tbl_6-14,2018,current,us,direct.hire,wage.board,11036899000
tbl_6-14,2018,current,foreign,direct.hire,foreign.nationals.direct.hire,601519000
tbl_6-14,2018,current,foreign,indirect.hire,foreign.national.indirect.hire,897096000
tbl_6-14,2019,current,us,direct.hire,general.schedule,75877403000
tbl_6-14,2019,current,us,direct.hire,wage.board,10999515000
tbl_6-14,2019,current,foreign,direct.hire,foreign.nationals.direct.hire,643164000
tbl_6-14,2019,current,foreign,indirect.hire,foreign.national.indirect.hire,1152485000
tbl_6-14,2020,current,us,direct.hire,general.schedule,77415379000
tbl_6-14,2020,current,us,direct.hire,wage.board,10657617000
tbl_6-14,2020,current,foreign,direct.hire,foreign.nationals.direct.hire,436005000
tbl_6-14,2020,current,foreign,indirect.hire,foreign.national.indirect.hire,1013620000
tbl_6-14,2021,current,us,direct.hire,general.schedule,80449612000
tbl_6-14,2021,current,us,direct.hire,wage.board,10735991000
tbl_6-14,2021,current,foreign,direct.hire,foreign.nationals.direct.hire,585223000
tbl_6-14,2021,current,foreign,indirect.hire,foreign.national.indirect.hire,964239000
tbl_6-14,2022,current,us,direct.hire,general.schedule,82389507000
tbl_6-14,2022,current,us,direct.hire,wage.board,10966014000
tbl_6-14,2022,current,foreign,direct.hire,foreign.nationals.direct.hire,597711000
tbl_6-14,2022,current,foreign,indirect.hire,foreign.national.indirect.hire,985618000
tbl_6-14,2023,current,us,direct.hire,general.schedule,84105336000
tbl_6-14,2023,current,us,direct.hire,wage.board,11194390000
tbl_6-14,2023,current,foreign,direct.hire,foreign.nationals.direct.hire,610263000
tbl_6-14,2023,current,foreign,indirect.hire,foreign.national.indirect.hire,1006316000
tbl_6-14,2024,current,us,direct.hire,general.schedule,85851375000
tbl_6-14,2024,current,us,direct.hire,wage.board,11426787000
tbl_6-14,2024,current,foreign,direct.hire,foreign.nationals.direct.hire,623078000
tbl_6-14,2024,current,foreign,indirect.hire,foreign.national.indirect.hire,1028025000
tbl_6-14,2025,current,us,direct.hire,general.schedule,87585526000
tbl_6-14,2025,current,us,direct.hire,wage.board,11657602000
tbl_6-14,2025,current,foreign,direct.hire,foreign.nationals.direct.hire,636163000
tbl_6-14,2025,current,foreign,indirect.hire,foreign.national.indirect.hire,1049025000
tbl_6-15,1970,constant,us,direct.hire,general.schedule,46183579000
tbl_6-15,1970,constant,us,direct.hire,wage.board,38401889000
tbl_6-15,1970,constant,foreign,direct.hire,foreign.nationals.direct.hire,4278842000
tbl_6-15,1970,constant,foreign,indirect.hire,foreign.national.indirect.hire,4605972000
tbl_6-15,1971,constant,us,direct.hire,general.schedule,45269061000
tbl_6-15,1971,constant,us,direct.hire,wage.board,35077655000
tbl_6-15,1971,constant,foreign,direct.hire,foreign.nationals.direct.hire,3527960000
tbl_6-15,1971,constant,foreign,indirect.hire,foreign.national.indirect.hire,4260684000
tbl_6-15,1972,constant,us,direct.hire,general.schedule,46349294000
tbl_6-15,1972,constant,us,direct.hire,wage.board,32611785000
tbl_6-15,1972,constant,foreign,direct.hire,foreign.nationals.direct.hire,2995854000
tbl_6-15,1972,constant,foreign,indirect.hire,foreign.national.indirect.hire,4125785000
tbl_6-15,1973,constant,us,direct.hire,general.schedule,44957833000
tbl_6-15,1973,constant,us,direct.hire,wage.board,31679803000
tbl_6-15,1973,constant,foreign,direct.hire,foreign.nationals.direct.hire,2152835000
tbl_6-15,1973,constant,foreign,indirect.hire,foreign.national.indirect.hire,4525656000
tbl_6-15,1974,constant,us,direct.hire,general.schedule,44519350000
tbl_6-15,1974,constant,us,direct.hire,wage.board,29429669000
tbl_6-15,1974,constant,foreign,direct.hire,foreign.nationals.direct.hire,1572372000
tbl_6-15,1974,constant,foreign,indirect.hire,foreign.national.indirect.hire,4168364000
tbl_6-15,1975,constant,us,direct.hire,general.schedule,45311243000
tbl_6-15,1975,constant,us,direct.hire,wage.board,29326914000
tbl_6-15,1975,constant,foreign,direct.hire,foreign.nationals.direct.hire,1526538000
tbl_6-15,1975,constant,foreign,indirect.hire,foreign.national.indirect.hire,3797399000
tbl_6-15,1976,constant,us,direct.hire,general.schedule,45769625000
tbl_6-15,1976,constant,us,direct.hire,wage.board,28210970000
tbl_6-15,1976,constant,foreign,direct.hire,foreign.nationals.direct.hire,1482935000
tbl_6-15,1976,constant,foreign,indirect.hire,foreign.national.indirect.hire,3698417000
tbl_6-15,1977,constant,us,direct.hire,general.schedule,46182602000
tbl_6-15,1977,constant,us,direct.hire,wage.board,26787132000
tbl_6-15,1977,constant,foreign,direct.hire,foreign.nationals.direct.hire,1320763000
tbl_6-15,1977,constant,foreign,indirect.hire,foreign.national.indirect.hire,3509021000
tbl_6-15,1978,constant,us,direct.hire,general.schedule,46036144000
tbl_6-15,1978,constant,us,direct.hire,wage.board,25802510000
tbl_6-15,1978,constant,foreign,direct.hire,foreign.nationals.direct.hire,1258503000
tbl_6-15,1978,constant,foreign,indirect.hire,foreign.national.indirect.hire,4285487000
tbl_6-15,1979,constant,us,direct.hire,general.schedule,48401370000
tbl_6-15,1979,constant,us,direct.hire,wage.board,25569306000
tbl_6-15,1979,constant,foreign,direct.hire,foreign.nationals.direct.hire,1209914000
tbl_6-15,1979,constant,foreign,indirect.hire,foreign.national.indirect.hire,4247382000
tbl_6-15,1980,constant,us,direct.hire,general.schedule,49082840000
tbl_6-15,1980,constant,us,direct.hire,wage.board,26143023000
tbl_6-15,1980,constant,foreign,direct.hire,foreign.nationals.direct.hire,1176377000
tbl_6-15,1980,constant,foreign,indirect.hire,foreign.national.indirect.hire,4358539000
tbl_6-15,1981,constant,us,direct.hire,general.schedule,47855303000
tbl_6-15,1981,constant,us,direct.hire,wage.board,25906188000
tbl_6-15,1981,constant,foreign,direct.hire,foreign.nationals.direct.hire,1146671000
tbl_6-15,1981,constant,foreign,indirect.hire,foreign.national.indirect.hire,4402439000
tbl_6-15,1982,constant,us,direct.hire,general.schedule,51537882000
tbl_6-15,1982,constant,us,direct.hire,wage.board,27295279000
tbl_6-15,1982,constant,foreign,direct.hire,foreign.nationals.direct.hire,1145251000
tbl_6-15,1982,constant,foreign,indirect.hire,foreign.national.indirect.hire,4753395000
tbl_6-15,1983,constant,us,direct.hire,general.schedule,51993222000
tbl_6-15,1983,constant,us,direct.hire,wage.board,27660566000
tbl_6-15,1983,constant,foreign,direct.hire,foreign.nationals.direct.hire,1151098000
tbl_6-15,1983,constant,foreign,indirect.hire,foreign.national.indirect.hire,4790778000
tbl_6-15,1984,constant,us,direct.hire,general.schedule,53037379000
tbl_6-15,1984,constant,us,direct.hire,wage.board,28143331000
tbl_6-15,1984,constant,foreign,direct.hire,foreign.nationals.direct.hire,1189910000
tbl_6-15,1984,constant,foreign,indirect.hire,foreign.national.indirect.hire,4886919000
tbl_6-15,1985,constant,us,direct.hire,general.schedule,55239460000
tbl_6-15,1985,constant,us,direct.hire,wage.board,28543559000
tbl_6-15,1985,constant,foreign,direct.hire,foreign.nationals.direct.hire,1216102000
tbl_6-15,1985,constant,foreign,indirect.hire,foreign.national.indirect.hire,4979752000
tbl_6-15,1986,constant,us,direct.hire,general.schedule,56283068000
tbl_6-15,1986,constant,us,direct.hire,wage.board,27860032000
tbl_6-15,1986,constant,foreign,direct.hire,foreign.nationals.direct.hire,1225926000
tbl_6-15,1986,constant,foreign,indirect.hire,foreign.national.indirect.hire,4820813000
tbl_6-15,1987,constant,us,direct.hire,general.schedule,57416500000
tbl_6-15,1987,constant,us,direct.hire,wage.board,26518955000
tbl_6-15,1987,constant,foreign,direct.hire,foreign.nationals.direct.hire,1261274000
tbl_6-15,1987,constant,foreign,indirect.hire,foreign.national.indirect.hire,4818368000
tbl_6-15,1988,constant,us,direct.hire,general.schedule,58319842000
tbl_6-15,1988,constant,us,direct.hire,wage.board,24730416000
tbl_6-15,1988,constant,foreign,direct.hire,foreign.nationals.direct.hire,1234879000
tbl_6-15,1988,constant,foreign,indirect.hire,foreign.national.indirect.hire,4718004000
tbl_6-15,1989,constant,us,direct.hire,general.schedule,58235709000
tbl_6-15,1989,constant,us,direct.hire,wage.board,23749248000
tbl_6-15,1989,constant,foreign,direct.hire,foreign.nationals.direct.hire,1214294000
tbl_6-15,1989,constant,foreign,indirect.hire,foreign.national.indirect.hire,4665426000
tbl_6-15,1990,constant,us,direct.hire,general.schedule,59782127000
tbl_6-15,1990,constant,us,direct.hire,wage.board,23164357000
tbl_6-15,1990,constant,foreign,direct.hire,foreign.nationals.direct.hire,1384080000
tbl_6-15,1990,constant,foreign,indirect.hire,foreign.national.indirect.hire,4306559000
tbl_6-15,1991,constant,us,direct.hire,general.schedule,60325377000
tbl_6-15,1991,constant,us,direct.hire,wage.board,22487466000
tbl_6-15,1991,constant,foreign,direct.hire,foreign.nationals.direct.hire,1300244000
tbl_6-15,1991,constant,foreign,indirect.hire,foreign.national.indirect.hire,3992626000
tbl_6-15,1992,constant,us,direct.hire,general.schedule,59928133000
tbl_6-15,1992,constant,us,direct.hire,wage.board,20788728000
tbl_6-15,1992,constant,foreign,direct.hire,foreign.nationals.direct.hire,1273503000
tbl_6-15,1992,constant,foreign,indirect.hire,foreign.national.indirect.hire,3902331000
tbl_6-15,1993,constant,us,direct.hire,general.schedule,60951474000
tbl_6-15,1993,constant,us,direct.hire,wage.board,21559904000
tbl_6-15,1993,constant,foreign,direct.hire,foreign.nationals.direct.hire,1250248000
tbl_6-15,1993,constant,foreign,indirect.hire,foreign.national.indirect.hire,3697209000
tbl_6-15,1994,constant,us,direct.hire,general.schedule,60894206000
tbl_6-15,1994,constant,us,direct.hire,wage.board,19372236000
tbl_6-15,1994,constant,foreign,direct.hire,foreign.nationals.direct.hire,989263000
tbl_6-15,1994,constant,foreign,indirect.hire,foreign.national.indirect.hire,2905555000
tbl_6-15,1995,constant,us,direct.hire,general.schedule,59498388000
tbl_6-15,1995,constant,us,direct.hire,wage.board,18797718000
tbl_6-15,1995,constant,foreign,direct.hire,foreign.nationals.direct.hire,928768000
tbl_6-15,1995,constant,foreign,indirect.hire,foreign.national.indirect.hire,2868643000
tbl_6-15,1996,constant,us,direct.hire,general.schedule,58621164000
tbl_6-15,1996,constant,us,direct.hire,wage.board,17015967000
tbl_6-15,1996,constant,foreign,direct.hire,foreign.nationals.direct.hire,1135649000
tbl_6-15,1996,constant,foreign,indirect.hire,foreign.national.indirect.hire,2425962000
tbl_6-15,1997,constant,us,direct.hire,general.schedule,57193606000
tbl_6-15,1997,constant,us,direct.hire,wage.board,15749915000
tbl_6-15,1997,constant,foreign,direct.hire,foreign.nationals.direct.hire,942180000
tbl_6-15,1997,constant,foreign,indirect.hire,foreign.national.indirect.hire,2486376000
tbl_6-15,1998,constant,us,direct.hire,general.schedule,53640876000
tbl_6-15,1998,constant,us,direct.hire,wage.board,15079623000
tbl_6-15,1998,constant,foreign,direct.hire,foreign.nationals.direct.hire,841885000
tbl_6-15,1998,constant,foreign,indirect.hire,foreign.national.indirect.hire,2147760000
tbl_6-15,1999,constant,us,direct.hire,general.schedule,52522979000
tbl_6-15,1999,constant,us,direct.hire,wage.board,14380237000
tbl_6-15,1999,constant,foreign,direct.hire,foreign.nationals.direct.hire,733550000
tbl_6-15,1999,constant,foreign,indirect.hire,foreign.national.indirect.hire,1533406000
tbl_6-15,2000,constant,us,direct.hire,general.schedule,52136284000
tbl_6-15,2000,constant,us,direct.hire,wage.board,12613800000
tbl_6-15,2000,constant,foreign,direct.hire,foreign.nationals.direct.hire,701097000
tbl_6-15,2000,constant,foreign,indirect.hire,foreign.national.indirect.hire,1680731000
tbl_6-15,2001,constant,us,direct.hire,general.schedule,52401485000
tbl_6-15,2001,constant,us,direct.hire,wage.board,12152661000
tbl_6-15,2001,constant,foreign,direct.hire,foreign.nationals.direct.hire,684382000
tbl_6-15,2001,constant,foreign,indirect.hire,foreign.national.indirect.hire,1519290000
tbl_6-15,2002,constant,us,direct.hire,general.schedule,53852148000
tbl_6-15,2002,constant,us,direct.hire,wage.board,11942489000
tbl_6-15,2002,constant,foreign,direct.hire,foreign.nationals.direct.hire,686063000
tbl_6-15,2002,constant,foreign,indirect.hire,foreign.national.indirect.hire,1212027000
tbl_6-15,2003,constant,us,direct.hire,general.schedule,53988468000
tbl_6-15,2003,constant,us,direct.hire,wage.board,11464591000
tbl_6-15,2003,constant,foreign,direct.hire,foreign.nationals.direct.hire,486472000
tbl_6-15,2003,constant,foreign,indirect.hire,foreign.national.indirect.hire,1189056000
tbl_6-15,2004,constant,us,direct.hire,general.schedule,54802560000
tbl_6-15,2004,constant,us,direct.hire,wage.board,11885019000
tbl_6-15,2004,constant,foreign,direct.hire,foreign.nationals.direct.hire,513753000
tbl_6-15,2004,constant,foreign,indirect.hire,foreign.national.indirect.hire,1313588000
tbl_6-15,2005,constant,us,direct.hire,general.schedule,56640211000
tbl_6-15,2005,constant,us,direct.hire,wage.board,11890576000
tbl_6-15,2005,constant,foreign,direct.hire,foreign.nationals.direct.hire,482873000
tbl_6-15,2005,constant,foreign,indirect.hire,foreign.national.indirect.hire,1434880000
tbl_6-15,2006,constant,us,direct.hire,general.schedule,59654965000
tbl_6-15,2006,constant,us,direct.hire,wage.board,11313320000
tbl_6-15,2006,constant,foreign,direct.hire,foreign.nationals.direct.hire,597406000
tbl_6-15,2006,constant,foreign,indirect.hire,foreign.national.indirect.hire,1470136000
tbl_6-15,2007,constant,us,direct.hire,general.schedule,58790612000
tbl_6-15,2007,constant,us,direct.hire,wage.board,11804272000
tbl_6-15,2007,constant,foreign,direct.hire,foreign.nationals.direct.hire,517982000
tbl_6-15,2007,constant,foreign,indirect.hire,foreign.national.indirect.hire,1506960000
tbl_6-15,2008,constant,us,direct.hire,general.schedule,59653762000
tbl_6-15,2008,constant,us,direct.hire,wage.board,12294152000
tbl_6-15,2008,constant,foreign,direct.hire,foreign.nationals.direct.hire,565796000
tbl_6-15,2008,constant,foreign,indirect.hire,foreign.national.indirect.hire,1449192000
tbl_6-15,2009,constant,us,direct.hire,general.schedule,63442248000
tbl_6-15,2009,constant,us,direct.hire,wage.board,11691453000
tbl_6-15,2009,constant,foreign,direct.hire,foreign.nationals.direct.hire,582865000
tbl_6-15,2009,constant,foreign,indirect.hire,foreign.national.indirect.hire,1425319000
tbl_6-15,2010,constant,us,direct.hire,general.schedule,63204972000
tbl_6-15,2010,constant,us,direct.hire,wage.board,11928085000
tbl_6-15,2010,constant,foreign,direct.hire,foreign.nationals.direct.hire,563947000
tbl_6-15,2010,constant,foreign,indirect.hire,foreign.national.indirect.hire,1445808000
tbl_6-15,2011,constant,us,direct.hire,general.schedule,70981899000
tbl_6-15,2011,constant,us,direct.hire,wage.board,12986887000
tbl_6-15,2011,constant,foreign,direct.hire,foreign.nationals.direct.hire,1171205000
tbl_6-15,2011,constant,foreign,indirect.hire,foreign.national.indirect.hire,1834657000
tbl_6-15,2012,constant,us,direct.hire,general.schedule,74158884000
tbl_6-15,2012,constant,us,direct.hire,wage.board,11825104000
tbl_6-15,2012,constant,foreign,direct.hire,foreign.nationals.direct.hire,530845000
tbl_6-15,2012,constant,foreign,indirect.hire,foreign.national.indirect.hire,1375714000
tbl_6-15,2013,constant,us,direct.hire,general.schedule,73596649000
tbl_6-15,2013,constant,us,direct.hire,wage.board,10923279000
tbl_6-15,2013,constant,foreign,direct.hire,foreign.nationals.direct.hire,544140000
tbl_6-15,2013,constant,foreign,indirect.hire,foreign.national.indirect.hire,1424211000
tbl_6-15,2014,constant,us,direct.hire,general.schedule,73076137000
tbl_6-15,2014,constant,us,direct.hire,wage.board,10957602000
tbl_6-15,2014,constant,foreign,direct.hire,foreign.nationals.direct.hire,579945000
tbl_6-15,2014,constant,foreign,indirect.hire,foreign.national.indirect.hire,1275593000
tbl_6-15,2015,constant,us,direct.hire,general.schedule,74672797000
tbl_6-15,2015,constant,us,direct.hire,wage.board,10000704000
tbl_6-15,2015,constant,foreign,direct.hire,foreign.nationals.direct.hire,874042000
tbl_6-15,2015,constant,foreign,indirect.hire,foreign.national.indirect.hire,970227000
tbl_6-15,2016,constant,us,direct.hire,general.schedule,75011187000
tbl_6-15,2016,constant,us,direct.hire,wage.board,11526012000
tbl_6-15,2016,constant,foreign,direct.hire,foreign.nationals.direct.hire,637308000
tbl_6-15,2016,constant,foreign,indirect.hire,foreign.national.indirect.hire,854715000
tbl_6-15,2017,constant,us,direct.hire,general.schedule,74604242000
tbl_6-15,2017,constant,us,direct.hire,wage.board,11713365000
tbl_6-15,2017,constant,foreign,direct.hire,foreign.nationals.direct.hire,627106000
tbl_6-15,2017,constant,foreign,indirect.hire,foreign.national.indirect.hire,765704000
tbl_6-15,2018,constant,us,direct.hire,general.schedule,75558727000
tbl_6-15,2018,constant,us,direct.hire,wage.board,11763909000
tbl_6-15,2018,constant,foreign,direct.hire,foreign.nationals.direct.hire,638284000
tbl_6-15,2018,constant,foreign,indirect.hire,foreign.national.indirect.hire,951927000
tbl_6-15,2019,constant,us,direct.hire,general.schedule,79187438000
tbl_6-15,2019,constant,us,direct.hire,wage.board,11505769000
tbl_6-15,2019,constant,foreign,direct.hire,foreign.nationals.direct.hire,669753000
tbl_6-15,2019,constant,foreign,indirect.hire,foreign.national.indirect.hire,1200130000
tbl_6-15,2020,constant,us,direct.hire,general.schedule,78594293000
tbl_6-15,2020,constant,us,direct.hire,wage.board,10876229000
tbl_6-15,2020,constant,foreign,direct.hire,foreign.nationals.direct.hire,440365000
tbl_6-15,2020,constant,foreign,indirect.hire,foreign.national.indirect.hire,1023755000
tbl_6-15,2021,constant,us,direct.hire,general.schedule,80449612000
tbl_6-15,2021,constant,us,direct.hire,wage.board,10735991000
tbl_6-15,2021,constant,foreign,direct.hire,foreign.nationals.direct.hire,585223000
tbl_6-15,2021,constant,foreign,indirect.hire,foreign.national.indirect.hire,964239000
tbl_6-15,2022,constant,us,direct.hire,general.schedule,80908875000
tbl_6-15,2022,constant,us,direct.hire,wage.board,10798635000
tbl_6-15,2022,constant,foreign,direct.hire,foreign.nationals.direct.hire,585417000
tbl_6-15,2022,constant,foreign,indirect.hire,foreign.national.indirect.hire,965346000
tbl_6-15,2023,constant,us,direct.hire,general.schedule,80901631000
tbl_6-15,2023,constant,us,direct.hire,wage.board,10797058000
tbl_6-15,2023,constant,foreign,direct.hire,foreign.nationals.direct.hire,585440000
tbl_6-15,2023,constant,foreign,indirect.hire,foreign.national.indirect.hire,965384000
tbl_6-15,2024,constant,us,direct.hire,general.schedule,80877414000
tbl_6-15,2024,constant,us,direct.hire,wage.board,10794244000
tbl_6-15,2024,constant,foreign,direct.hire,foreign.nationals.direct.hire,585435000
tbl_6-15,2024,constant,foreign,indirect.hire,foreign.national.indirect.hire,965917000
tbl_6-15,2025,constant,us,direct.hire,general.schedule,80813366000
tbl_6-15,2025,constant,us,direct.hire,wage.board,10786086000
tbl_6-15,2025,constant,foreign,direct.hire,foreign.nationals.direct.hire,585408000
tbl_6-15,2025,constant,foreign,indirect.hire,foreign.national.indirect.hire,965331000
