source.table,budget.type,deflator.type,military.dept,FY,amount
tbl.6.03.TOA.by.Military.Dept,TOA,current,army,1948,3162000000
tbl.6.03.TOA.by.Military.Dept,TOA,current,navy,1948,4469000000
tbl.6.03.TOA.by.Military.Dept,TOA,current,air.force,1948,4097000000
tbl.6.03.TOA.by.Military.Dept,TOA,current,defense.wide,1948,175000000
tbl.6.03.TOA.by.Military.Dept,TOA,current,OCO.place.holder,1948,0
tbl.6.03.TOA.by.Military.Dept,TOA,constant,army,1948,66998000000
tbl.6.03.TOA.by.Military.Dept,TOA,constant,navy,1948,77183000000
tbl.6.03.TOA.by.Military.Dept,TOA,constant,air.force,1948,62575000000
tbl.6.03.TOA.by.Military.Dept,TOA,constant,defense.wide,1948,3218000000
tbl.6.03.TOA.by.Military.Dept,TOA,constant,OCO.place.holder,1948,0
tbl.6.03.TOA.by.Military.Dept,TOA,current,army,1949,4034000000
tbl.6.03.TOA.by.Military.Dept,TOA,current,navy,1949,4726000000
tbl.6.03.TOA.by.Military.Dept,TOA,current,air.force,1949,4244000000
tbl.6.03.TOA.by.Military.Dept,TOA,current,defense.wide,1949,200000000
tbl.6.03.TOA.by.Military.Dept,TOA,current,OCO.place.holder,1949,0
tbl.6.03.TOA.by.Military.Dept,TOA,constant,army,1949,77056000000
tbl.6.03.TOA.by.Military.Dept,TOA,constant,navy,1949,77617000000
tbl.6.03.TOA.by.Military.Dept,TOA,constant,air.force,1949,65908000000
tbl.6.03.TOA.by.Military.Dept,TOA,constant,defense.wide,1949,3622000000
tbl.6.03.TOA.by.Military.Dept,TOA,constant,OCO.place.holder,1949,0
tbl.6.03.TOA.by.Military.Dept,TOA,current,army,1950,4288000000
tbl.6.03.TOA.by.Military.Dept,TOA,current,navy,1950,4517000000
tbl.6.03.TOA.by.Military.Dept,TOA,current,air.force,1950,5323000000
tbl.6.03.TOA.by.Military.Dept,TOA,current,defense.wide,1950,208000000
tbl.6.03.TOA.by.Military.Dept,TOA,current,OCO.place.holder,1950,0
tbl.6.03.TOA.by.Military.Dept,TOA,constant,army,1950,73508000000
tbl.6.03.TOA.by.Military.Dept,TOA,constant,navy,1950,72849000000
tbl.6.03.TOA.by.Military.Dept,TOA,constant,air.force,1950,75504000000
tbl.6.03.TOA.by.Military.Dept,TOA,constant,defense.wide,1950,3932000000
tbl.6.03.TOA.by.Military.Dept,TOA,constant,OCO.place.holder,1950,0
tbl.6.03.TOA.by.Military.Dept,TOA,current,army,1951,17453000000
tbl.6.03.TOA.by.Military.Dept,TOA,current,navy,1951,12212000000
tbl.6.03.TOA.by.Military.Dept,TOA,current,air.force,1951,15102000000
tbl.6.03.TOA.by.Military.Dept,TOA,current,defense.wide,1951,405000000
tbl.6.03.TOA.by.Military.Dept,TOA,current,OCO.place.holder,1951,0
tbl.6.03.TOA.by.Military.Dept,TOA,constant,army,1951,206555000000
tbl.6.03.TOA.by.Military.Dept,TOA,constant,navy,1951,152423000000
tbl.6.03.TOA.by.Military.Dept,TOA,constant,air.force,1951,179764000000
tbl.6.03.TOA.by.Military.Dept,TOA,constant,defense.wide,1951,4610000000
tbl.6.03.TOA.by.Military.Dept,TOA,constant,OCO.place.holder,1951,0
tbl.6.03.TOA.by.Military.Dept,TOA,current,army,1952,21685000000
tbl.6.03.TOA.by.Military.Dept,TOA,current,navy,1952,15147000000
tbl.6.03.TOA.by.Military.Dept,TOA,current,air.force,1952,19986000000
tbl.6.03.TOA.by.Military.Dept,TOA,current,defense.wide,1952,371000000
tbl.6.03.TOA.by.Military.Dept,TOA,current,OCO.place.holder,1952,0
tbl.6.03.TOA.by.Military.Dept,TOA,constant,army,1952,264816000000
tbl.6.03.TOA.by.Military.Dept,TOA,constant,navy,1952,198393000000
tbl.6.03.TOA.by.Military.Dept,TOA,constant,air.force,1952,241975000000
tbl.6.03.TOA.by.Military.Dept,TOA,constant,defense.wide,1952,4456000000
tbl.6.03.TOA.by.Military.Dept,TOA,constant,OCO.place.holder,1952,0
tbl.6.03.TOA.by.Military.Dept,TOA,current,army,1953,13475000000
tbl.6.03.TOA.by.Military.Dept,TOA,current,navy,1953,11762000000
tbl.6.03.TOA.by.Military.Dept,TOA,current,air.force,1953,18650000000
tbl.6.03.TOA.by.Military.Dept,TOA,current,defense.wide,1953,397000000
tbl.6.03.TOA.by.Military.Dept,TOA,current,OCO.place.holder,1953,0
tbl.6.03.TOA.by.Military.Dept,TOA,constant,army,1953,188624000000
tbl.6.03.TOA.by.Military.Dept,TOA,constant,navy,1953,160125000000
tbl.6.03.TOA.by.Military.Dept,TOA,constant,air.force,1953,223527000000
tbl.6.03.TOA.by.Military.Dept,TOA,constant,defense.wide,1953,4689000000
tbl.6.03.TOA.by.Military.Dept,TOA,constant,OCO.place.holder,1953,0
tbl.6.03.TOA.by.Military.Dept,TOA,current,army,1954,9892000000
tbl.6.03.TOA.by.Military.Dept,TOA,current,navy,1954,8080000000
tbl.6.03.TOA.by.Military.Dept,TOA,current,air.force,1954,12029000000
tbl.6.03.TOA.by.Military.Dept,TOA,current,defense.wide,1954,428000000
tbl.6.03.TOA.by.Military.Dept,TOA,current,OCO.place.holder,1954,0
tbl.6.03.TOA.by.Military.Dept,TOA,constant,army,1954,150531000000
tbl.6.03.TOA.by.Military.Dept,TOA,constant,navy,1954,124199000000
tbl.6.03.TOA.by.Military.Dept,TOA,constant,air.force,1954,155861000000
tbl.6.03.TOA.by.Military.Dept,TOA,constant,defense.wide,1954,5367000000
tbl.6.03.TOA.by.Military.Dept,TOA,constant,OCO.place.holder,1954,0
tbl.6.03.TOA.by.Military.Dept,TOA,current,army,1955,10813000000
tbl.6.03.TOA.by.Military.Dept,TOA,current,navy,1955,9993000000
tbl.6.03.TOA.by.Military.Dept,TOA,current,air.force,1955,12469000000
tbl.6.03.TOA.by.Military.Dept,TOA,current,defense.wide,1955,514000000
tbl.6.03.TOA.by.Military.Dept,TOA,current,OCO.place.holder,1955,0
tbl.6.03.TOA.by.Military.Dept,TOA,constant,army,1955,149103000000
tbl.6.03.TOA.by.Military.Dept,TOA,constant,navy,1955,135729000000
tbl.6.03.TOA.by.Military.Dept,TOA,constant,air.force,1955,155585000000
tbl.6.03.TOA.by.Military.Dept,TOA,constant,defense.wide,1955,5902000000
tbl.6.03.TOA.by.Military.Dept,TOA,constant,OCO.place.holder,1955,0
tbl.6.03.TOA.by.Military.Dept,TOA,current,army,1956,9901000000
tbl.6.03.TOA.by.Military.Dept,TOA,current,navy,1956,10615000000
tbl.6.03.TOA.by.Military.Dept,TOA,current,air.force,1956,16997000000
tbl.6.03.TOA.by.Military.Dept,TOA,current,defense.wide,1956,553000000
tbl.6.03.TOA.by.Military.Dept,TOA,current,OCO.place.holder,1956,0
tbl.6.03.TOA.by.Military.Dept,TOA,constant,army,1956,131206000000
tbl.6.03.TOA.by.Military.Dept,TOA,constant,navy,1956,137800000000
tbl.6.03.TOA.by.Military.Dept,TOA,constant,air.force,1956,191716000000
tbl.6.03.TOA.by.Military.Dept,TOA,constant,defense.wide,1956,6039000000
tbl.6.03.TOA.by.Military.Dept,TOA,constant,OCO.place.holder,1956,0
tbl.6.03.TOA.by.Military.Dept,TOA,current,army,1957,9919000000
tbl.6.03.TOA.by.Military.Dept,TOA,current,navy,1957,10805000000
tbl.6.03.TOA.by.Military.Dept,TOA,current,air.force,1957,18449000000
tbl.6.03.TOA.by.Military.Dept,TOA,current,defense.wide,1957,551000000
tbl.6.03.TOA.by.Military.Dept,TOA,current,OCO.place.holder,1957,0
tbl.6.03.TOA.by.Military.Dept,TOA,constant,army,1957,129581000000
tbl.6.03.TOA.by.Military.Dept,TOA,constant,navy,1957,138187000000
tbl.6.03.TOA.by.Military.Dept,TOA,constant,air.force,1957,200479000000
tbl.6.03.TOA.by.Military.Dept,TOA,constant,defense.wide,1957,5898000000
tbl.6.03.TOA.by.Military.Dept,TOA,constant,OCO.place.holder,1957,0
tbl.6.03.TOA.by.Military.Dept,TOA,current,army,1958,9757000000
tbl.6.03.TOA.by.Military.Dept,TOA,current,navy,1958,11550000000
tbl.6.03.TOA.by.Military.Dept,TOA,current,air.force,1958,19158000000
tbl.6.03.TOA.by.Military.Dept,TOA,current,defense.wide,1958,659000000
tbl.6.03.TOA.by.Military.Dept,TOA,current,OCO.place.holder,1958,0
tbl.6.03.TOA.by.Military.Dept,TOA,constant,army,1958,123125000000
tbl.6.03.TOA.by.Military.Dept,TOA,constant,navy,1958,141112000000
tbl.6.03.TOA.by.Military.Dept,TOA,constant,air.force,1958,202782000000
tbl.6.03.TOA.by.Military.Dept,TOA,constant,defense.wide,1958,6788000000
tbl.6.03.TOA.by.Military.Dept,TOA,constant,OCO.place.holder,1958,0
tbl.6.03.TOA.by.Military.Dept,TOA,current,army,1959,9555000000
tbl.6.03.TOA.by.Military.Dept,TOA,current,navy,1959,12148000000
tbl.6.03.TOA.by.Military.Dept,TOA,current,air.force,1959,19599000000
tbl.6.03.TOA.by.Military.Dept,TOA,current,defense.wide,1959,892000000
tbl.6.03.TOA.by.Military.Dept,TOA,current,OCO.place.holder,1959,0
tbl.6.03.TOA.by.Military.Dept,TOA,constant,army,1959,116673000000
tbl.6.03.TOA.by.Military.Dept,TOA,constant,navy,1959,142223000000
tbl.6.03.TOA.by.Military.Dept,TOA,constant,air.force,1959,200606000000
tbl.6.03.TOA.by.Military.Dept,TOA,constant,defense.wide,1959,8247000000
tbl.6.03.TOA.by.Military.Dept,TOA,constant,OCO.place.holder,1959,0
tbl.6.03.TOA.by.Military.Dept,TOA,current,army,1960,9867000000
tbl.6.03.TOA.by.Military.Dept,TOA,current,navy,1960,11727000000
tbl.6.03.TOA.by.Military.Dept,TOA,current,air.force,1960,17662000000
tbl.6.03.TOA.by.Military.Dept,TOA,current,defense.wide,1960,1001000000
tbl.6.03.TOA.by.Military.Dept,TOA,current,OCO.place.holder,1960,0
tbl.6.03.TOA.by.Military.Dept,TOA,constant,army,1960,116754000000
tbl.6.03.TOA.by.Military.Dept,TOA,constant,navy,1960,134317000000
tbl.6.03.TOA.by.Military.Dept,TOA,constant,air.force,1960,182916000000
tbl.6.03.TOA.by.Military.Dept,TOA,constant,defense.wide,1960,9251000000
tbl.6.03.TOA.by.Military.Dept,TOA,constant,OCO.place.holder,1960,0
tbl.6.03.TOA.by.Military.Dept,TOA,current,army,1961,10528000000
tbl.6.03.TOA.by.Military.Dept,TOA,current,navy,1961,12820000000
tbl.6.03.TOA.by.Military.Dept,TOA,current,air.force,1961,20098000000
tbl.6.03.TOA.by.Military.Dept,TOA,current,defense.wide,1961,1197000000
tbl.6.03.TOA.by.Military.Dept,TOA,current,OCO.place.holder,1961,0
tbl.6.03.TOA.by.Military.Dept,TOA,constant,army,1961,119554000000
tbl.6.03.TOA.by.Military.Dept,TOA,constant,navy,1961,143516000000
tbl.6.03.TOA.by.Military.Dept,TOA,constant,air.force,1961,199808000000
tbl.6.03.TOA.by.Military.Dept,TOA,constant,defense.wide,1961,10909000000
tbl.6.03.TOA.by.Military.Dept,TOA,constant,OCO.place.holder,1961,0
tbl.6.03.TOA.by.Military.Dept,TOA,current,army,1962,12467000000
tbl.6.03.TOA.by.Military.Dept,TOA,current,navy,1962,14592000000
tbl.6.03.TOA.by.Military.Dept,TOA,current,air.force,1962,19730000000
tbl.6.03.TOA.by.Military.Dept,TOA,current,defense.wide,1962,1646000000
tbl.6.03.TOA.by.Military.Dept,TOA,current,OCO.place.holder,1962,0
tbl.6.03.TOA.by.Military.Dept,TOA,constant,army,1962,137932000000
tbl.6.03.TOA.by.Military.Dept,TOA,constant,navy,1962,158459000000
tbl.6.03.TOA.by.Military.Dept,TOA,constant,air.force,1962,198344000000
tbl.6.03.TOA.by.Military.Dept,TOA,constant,defense.wide,1962,14683000000
tbl.6.03.TOA.by.Military.Dept,TOA,constant,OCO.place.holder,1962,0
tbl.6.03.TOA.by.Military.Dept,TOA,current,army,1963,11826000000
tbl.6.03.TOA.by.Military.Dept,TOA,current,navy,1963,14657000000
tbl.6.03.TOA.by.Military.Dept,TOA,current,air.force,1963,20427000000
tbl.6.03.TOA.by.Military.Dept,TOA,current,defense.wide,1963,2510000000
tbl.6.03.TOA.by.Military.Dept,TOA,current,OCO.place.holder,1963,0
tbl.6.03.TOA.by.Military.Dept,TOA,constant,army,1963,130329000000
tbl.6.03.TOA.by.Military.Dept,TOA,constant,navy,1963,155836000000
tbl.6.03.TOA.by.Military.Dept,TOA,constant,air.force,1963,200879000000
tbl.6.03.TOA.by.Military.Dept,TOA,constant,defense.wide,1963,21919000000
tbl.6.03.TOA.by.Military.Dept,TOA,constant,OCO.place.holder,1963,0
tbl.6.03.TOA.by.Military.Dept,TOA,current,army,1964,12275000000
tbl.6.03.TOA.by.Military.Dept,TOA,current,navy,1964,14450000000
tbl.6.03.TOA.by.Military.Dept,TOA,current,air.force,1964,19958000000
tbl.6.03.TOA.by.Military.Dept,TOA,current,defense.wide,1964,2864000000
tbl.6.03.TOA.by.Military.Dept,TOA,current,OCO.place.holder,1964,0
tbl.6.03.TOA.by.Military.Dept,TOA,constant,army,1964,129657000000
tbl.6.03.TOA.by.Military.Dept,TOA,constant,navy,1964,148537000000
tbl.6.03.TOA.by.Military.Dept,TOA,constant,air.force,1964,192517000000
tbl.6.03.TOA.by.Military.Dept,TOA,constant,defense.wide,1964,24572000000
tbl.6.03.TOA.by.Military.Dept,TOA,constant,OCO.place.holder,1964,0
tbl.6.03.TOA.by.Military.Dept,TOA,current,army,1965,12219000000
tbl.6.03.TOA.by.Military.Dept,TOA,current,navy,1965,14856000000
tbl.6.03.TOA.by.Military.Dept,TOA,current,air.force,1965,19428000000
tbl.6.03.TOA.by.Military.Dept,TOA,current,defense.wide,1965,3057000000
tbl.6.03.TOA.by.Military.Dept,TOA,current,OCO.place.holder,1965,0
tbl.6.03.TOA.by.Military.Dept,TOA,constant,army,1965,125882000000
tbl.6.03.TOA.by.Military.Dept,TOA,constant,navy,1965,147186000000
tbl.6.03.TOA.by.Military.Dept,TOA,constant,air.force,1965,183818000000
tbl.6.03.TOA.by.Military.Dept,TOA,constant,defense.wide,1965,26028000000
tbl.6.03.TOA.by.Military.Dept,TOA,constant,OCO.place.holder,1965,0
tbl.6.03.TOA.by.Military.Dept,TOA,current,army,1966,18510000000
tbl.6.03.TOA.by.Military.Dept,TOA,current,navy,1966,19185000000
tbl.6.03.TOA.by.Military.Dept,TOA,current,air.force,1966,23309000000
tbl.6.03.TOA.by.Military.Dept,TOA,current,defense.wide,1966,3527000000
tbl.6.03.TOA.by.Military.Dept,TOA,current,OCO.place.holder,1966,0
tbl.6.03.TOA.by.Military.Dept,TOA,constant,army,1966,165639000000
tbl.6.03.TOA.by.Military.Dept,TOA,constant,navy,1966,172067000000
tbl.6.03.TOA.by.Military.Dept,TOA,constant,air.force,1966,204050000000
tbl.6.03.TOA.by.Military.Dept,TOA,constant,defense.wide,1966,29218000000
tbl.6.03.TOA.by.Military.Dept,TOA,constant,OCO.place.holder,1966,0
tbl.6.03.TOA.by.Military.Dept,TOA,current,army,1967,22369000000
tbl.6.03.TOA.by.Military.Dept,TOA,current,navy,1967,21190000000
tbl.6.03.TOA.by.Military.Dept,TOA,current,air.force,1967,24270000000
tbl.6.03.TOA.by.Military.Dept,TOA,current,defense.wide,1967,3760000000
tbl.6.03.TOA.by.Military.Dept,TOA,current,OCO.place.holder,1967,0
tbl.6.03.TOA.by.Military.Dept,TOA,constant,army,1967,193116000000
tbl.6.03.TOA.by.Military.Dept,TOA,constant,navy,1967,183526000000
tbl.6.03.TOA.by.Military.Dept,TOA,constant,air.force,1967,207017000000
tbl.6.03.TOA.by.Military.Dept,TOA,constant,defense.wide,1967,30719000000
tbl.6.03.TOA.by.Military.Dept,TOA,constant,OCO.place.holder,1967,0
tbl.6.03.TOA.by.Military.Dept,TOA,current,army,1968,24962000000
tbl.6.03.TOA.by.Military.Dept,TOA,current,navy,1968,20781000000
tbl.6.03.TOA.by.Military.Dept,TOA,current,air.force,1968,24974000000
tbl.6.03.TOA.by.Military.Dept,TOA,current,defense.wide,1968,4247000000
tbl.6.03.TOA.by.Military.Dept,TOA,current,OCO.place.holder,1968,0
tbl.6.03.TOA.by.Military.Dept,TOA,constant,army,1968,207322000000
tbl.6.03.TOA.by.Military.Dept,TOA,constant,navy,1968,174095000000
tbl.6.03.TOA.by.Military.Dept,TOA,constant,air.force,1968,206132000000
tbl.6.03.TOA.by.Military.Dept,TOA,constant,defense.wide,1968,33486000000
tbl.6.03.TOA.by.Military.Dept,TOA,constant,OCO.place.holder,1968,0
tbl.6.03.TOA.by.Military.Dept,TOA,current,army,1969,25769000000
tbl.6.03.TOA.by.Military.Dept,TOA,current,navy,1969,21552000000
tbl.6.03.TOA.by.Military.Dept,TOA,current,air.force,1969,25857000000
tbl.6.03.TOA.by.Military.Dept,TOA,current,defense.wide,1969,4574000000
tbl.6.03.TOA.by.Military.Dept,TOA,current,OCO.place.holder,1969,0
tbl.6.03.TOA.by.Military.Dept,TOA,constant,army,1969,205946000000
tbl.6.03.TOA.by.Military.Dept,TOA,constant,navy,1969,172390000000
tbl.6.03.TOA.by.Military.Dept,TOA,constant,air.force,1969,203817000000
tbl.6.03.TOA.by.Military.Dept,TOA,constant,defense.wide,1969,34735000000
tbl.6.03.TOA.by.Military.Dept,TOA,constant,OCO.place.holder,1969,0
tbl.6.03.TOA.by.Military.Dept,TOA,current,army,1970,23963000000
tbl.6.03.TOA.by.Military.Dept,TOA,current,navy,1970,22462000000
tbl.6.03.TOA.by.Military.Dept,TOA,current,air.force,1970,23875000000
tbl.6.03.TOA.by.Military.Dept,TOA,current,defense.wide,1970,5212000000
tbl.6.03.TOA.by.Military.Dept,TOA,current,OCO.place.holder,1970,0
tbl.6.03.TOA.by.Military.Dept,TOA,constant,army,1970,181899000000
tbl.6.03.TOA.by.Military.Dept,TOA,constant,navy,1970,167260000000
tbl.6.03.TOA.by.Military.Dept,TOA,constant,air.force,1970,179973000000
tbl.6.03.TOA.by.Military.Dept,TOA,constant,defense.wide,1970,36883000000
tbl.6.03.TOA.by.Military.Dept,TOA,constant,OCO.place.holder,1970,0
tbl.6.03.TOA.by.Military.Dept,TOA,current,army,1971,22280000000
tbl.6.03.TOA.by.Military.Dept,TOA,current,navy,1971,21691000000
tbl.6.03.TOA.by.Military.Dept,TOA,current,air.force,1971,23016000000
tbl.6.03.TOA.by.Military.Dept,TOA,current,defense.wide,1971,5859000000
tbl.6.03.TOA.by.Military.Dept,TOA,current,OCO.place.holder,1971,0
tbl.6.03.TOA.by.Military.Dept,TOA,constant,army,1971,161060000000
tbl.6.03.TOA.by.Military.Dept,TOA,constant,navy,1971,150758000000
tbl.6.03.TOA.by.Military.Dept,TOA,constant,air.force,1971,163602000000
tbl.6.03.TOA.by.Military.Dept,TOA,constant,defense.wide,1971,38201000000
tbl.6.03.TOA.by.Military.Dept,TOA,constant,OCO.place.holder,1971,0
tbl.6.03.TOA.by.Military.Dept,TOA,current,army,1972,22094000000
tbl.6.03.TOA.by.Military.Dept,TOA,current,navy,1972,24041000000
tbl.6.03.TOA.by.Military.Dept,TOA,current,air.force,1972,23799000000
tbl.6.03.TOA.by.Military.Dept,TOA,current,defense.wide,1972,6533000000
tbl.6.03.TOA.by.Military.Dept,TOA,current,OCO.place.holder,1972,0
tbl.6.03.TOA.by.Military.Dept,TOA,constant,army,1972,145222000000
tbl.6.03.TOA.by.Military.Dept,TOA,constant,navy,1972,152724000000
tbl.6.03.TOA.by.Military.Dept,TOA,constant,air.force,1972,155324000000
tbl.6.03.TOA.by.Military.Dept,TOA,constant,defense.wide,1972,40067000000
tbl.6.03.TOA.by.Military.Dept,TOA,constant,OCO.place.holder,1972,0
tbl.6.03.TOA.by.Military.Dept,TOA,current,army,1973,21480000000
tbl.6.03.TOA.by.Military.Dept,TOA,current,navy,1973,25324000000
tbl.6.03.TOA.by.Military.Dept,TOA,current,air.force,1973,24696000000
tbl.6.03.TOA.by.Military.Dept,TOA,current,defense.wide,1973,7425000000
tbl.6.03.TOA.by.Military.Dept,TOA,current,OCO.place.holder,1973,0
tbl.6.03.TOA.by.Military.Dept,TOA,constant,army,1973,129726000000
tbl.6.03.TOA.by.Military.Dept,TOA,constant,navy,1973,147598000000
tbl.6.03.TOA.by.Military.Dept,TOA,constant,air.force,1973,147277000000
tbl.6.03.TOA.by.Military.Dept,TOA,constant,defense.wide,1973,42980000000
tbl.6.03.TOA.by.Military.Dept,TOA,constant,OCO.place.holder,1973,0
tbl.6.03.TOA.by.Military.Dept,TOA,current,army,1974,21548000000
tbl.6.03.TOA.by.Military.Dept,TOA,current,navy,1974,26934000000
tbl.6.03.TOA.by.Military.Dept,TOA,current,air.force,1974,24772000000
tbl.6.03.TOA.by.Military.Dept,TOA,current,defense.wide,1974,8439000000
tbl.6.03.TOA.by.Military.Dept,TOA,current,OCO.place.holder,1974,0
tbl.6.03.TOA.by.Military.Dept,TOA,constant,army,1974,120551000000
tbl.6.03.TOA.by.Military.Dept,TOA,constant,navy,1974,143061000000
tbl.6.03.TOA.by.Military.Dept,TOA,constant,air.force,1974,135738000000
tbl.6.03.TOA.by.Military.Dept,TOA,constant,defense.wide,1974,44874000000
tbl.6.03.TOA.by.Military.Dept,TOA,constant,OCO.place.holder,1974,0
tbl.6.03.TOA.by.Military.Dept,TOA,current,army,1975,21644000000
tbl.6.03.TOA.by.Military.Dept,TOA,current,navy,1975,27962000000
tbl.6.03.TOA.by.Military.Dept,TOA,current,air.force,1975,26024000000
tbl.6.03.TOA.by.Military.Dept,TOA,current,defense.wide,1975,10501000000
tbl.6.03.TOA.by.Military.Dept,TOA,current,OCO.place.holder,1975,0
tbl.6.03.TOA.by.Military.Dept,TOA,constant,army,1975,113142000000
tbl.6.03.TOA.by.Military.Dept,TOA,constant,navy,1975,137245000000
tbl.6.03.TOA.by.Military.Dept,TOA,constant,air.force,1975,131171000000
tbl.6.03.TOA.by.Military.Dept,TOA,constant,defense.wide,1975,48983000000
tbl.6.03.TOA.by.Military.Dept,TOA,constant,OCO.place.holder,1975,0
tbl.6.03.TOA.by.Military.Dept,TOA,current,army,1976,23759000000
tbl.6.03.TOA.by.Military.Dept,TOA,current,navy,1976,31360000000
tbl.6.03.TOA.by.Military.Dept,TOA,current,air.force,1976,28395000000
tbl.6.03.TOA.by.Military.Dept,TOA,current,defense.wide,1976,12144000000
tbl.6.03.TOA.by.Military.Dept,TOA,current,OCO.place.holder,1976,0
tbl.6.03.TOA.by.Military.Dept,TOA,constant,army,1976,114305000000
tbl.6.03.TOA.by.Military.Dept,TOA,constant,navy,1976,139401000000
tbl.6.03.TOA.by.Military.Dept,TOA,constant,air.force,1976,129984000000
tbl.6.03.TOA.by.Military.Dept,TOA,constant,defense.wide,1976,51358000000
tbl.6.03.TOA.by.Military.Dept,TOA,constant,OCO.place.holder,1976,0
tbl.6.03.TOA.by.Military.Dept,TOA,current,army,1977,26703000000
tbl.6.03.TOA.by.Military.Dept,TOA,current,navy,1977,36353000000
tbl.6.03.TOA.by.Military.Dept,TOA,current,air.force,1977,31145000000
tbl.6.03.TOA.by.Military.Dept,TOA,current,defense.wide,1977,13367000000
tbl.6.03.TOA.by.Military.Dept,TOA,current,OCO.place.holder,1977,0
tbl.6.03.TOA.by.Military.Dept,TOA,constant,army,1977,119625000000
tbl.6.03.TOA.by.Military.Dept,TOA,constant,navy,1977,150926000000
tbl.6.03.TOA.by.Military.Dept,TOA,constant,air.force,1977,133626000000
tbl.6.03.TOA.by.Military.Dept,TOA,constant,defense.wide,1977,53075000000
tbl.6.03.TOA.by.Military.Dept,TOA,constant,OCO.place.holder,1977,0
tbl.6.03.TOA.by.Military.Dept,TOA,current,army,1978,28950000000
tbl.6.03.TOA.by.Military.Dept,TOA,current,navy,1978,39504000000
tbl.6.03.TOA.by.Military.Dept,TOA,current,air.force,1978,32877000000
tbl.6.03.TOA.by.Military.Dept,TOA,current,defense.wide,1978,14797000000
tbl.6.03.TOA.by.Military.Dept,TOA,current,OCO.place.holder,1978,0
tbl.6.03.TOA.by.Military.Dept,TOA,constant,army,1978,119499000000
tbl.6.03.TOA.by.Military.Dept,TOA,constant,navy,1978,150844000000
tbl.6.03.TOA.by.Military.Dept,TOA,constant,air.force,1978,130093000000
tbl.6.03.TOA.by.Military.Dept,TOA,constant,defense.wide,1978,54800000000
tbl.6.03.TOA.by.Military.Dept,TOA,constant,OCO.place.holder,1978,0
tbl.6.03.TOA.by.Military.Dept,TOA,current,army,1979,31497000000
tbl.6.03.TOA.by.Military.Dept,TOA,current,navy,1979,41694000000
tbl.6.03.TOA.by.Military.Dept,TOA,current,air.force,1979,34873000000
tbl.6.03.TOA.by.Military.Dept,TOA,current,defense.wide,1979,16657000000
tbl.6.03.TOA.by.Military.Dept,TOA,current,OCO.place.holder,1979,0
tbl.6.03.TOA.by.Military.Dept,TOA,constant,army,1979,120759000000
tbl.6.03.TOA.by.Military.Dept,TOA,constant,navy,1979,147787000000
tbl.6.03.TOA.by.Military.Dept,TOA,constant,air.force,1979,127732000000
tbl.6.03.TOA.by.Military.Dept,TOA,constant,defense.wide,1979,56980000000
tbl.6.03.TOA.by.Military.Dept,TOA,constant,OCO.place.holder,1979,0
tbl.6.03.TOA.by.Military.Dept,TOA,current,army,1980,34572000000
tbl.6.03.TOA.by.Military.Dept,TOA,current,navy,1980,46984000000
tbl.6.03.TOA.by.Military.Dept,TOA,current,air.force,1980,41556000000
tbl.6.03.TOA.by.Military.Dept,TOA,current,defense.wide,1980,18871000000
tbl.6.03.TOA.by.Military.Dept,TOA,current,OCO.place.holder,1980,0
tbl.6.03.TOA.by.Military.Dept,TOA,constant,army,1980,121400000000
tbl.6.03.TOA.by.Military.Dept,TOA,constant,navy,1980,149250000000
tbl.6.03.TOA.by.Military.Dept,TOA,constant,air.force,1980,132807000000
tbl.6.03.TOA.by.Military.Dept,TOA,constant,defense.wide,1980,58075000000
tbl.6.03.TOA.by.Military.Dept,TOA,constant,OCO.place.holder,1980,0
tbl.6.03.TOA.by.Military.Dept,TOA,current,army,1981,43177000000
tbl.6.03.TOA.by.Military.Dept,TOA,current,navy,1981,57050000000
tbl.6.03.TOA.by.Military.Dept,TOA,current,air.force,1981,52370000000
tbl.6.03.TOA.by.Military.Dept,TOA,current,defense.wide,1981,22952000000
tbl.6.03.TOA.by.Military.Dept,TOA,current,OCO.place.holder,1981,0
tbl.6.03.TOA.by.Military.Dept,TOA,constant,army,1981,133904000000
tbl.6.03.TOA.by.Military.Dept,TOA,constant,navy,1981,162873000000
tbl.6.03.TOA.by.Military.Dept,TOA,constant,air.force,1981,148994000000
tbl.6.03.TOA.by.Military.Dept,TOA,constant,defense.wide,1981,63461000000
tbl.6.03.TOA.by.Military.Dept,TOA,constant,OCO.place.holder,1981,0
tbl.6.03.TOA.by.Military.Dept,TOA,current,army,1982,52099000000
tbl.6.03.TOA.by.Military.Dept,TOA,current,navy,1982,68034000000
tbl.6.03.TOA.by.Military.Dept,TOA,current,air.force,1982,65017000000
tbl.6.03.TOA.by.Military.Dept,TOA,current,defense.wide,1982,25518000000
tbl.6.03.TOA.by.Military.Dept,TOA,current,OCO.place.holder,1982,0
tbl.6.03.TOA.by.Military.Dept,TOA,constant,army,1982,146923000000
tbl.6.03.TOA.by.Military.Dept,TOA,constant,navy,1982,179415000000
tbl.6.03.TOA.by.Military.Dept,TOA,constant,air.force,1982,169098000000
tbl.6.03.TOA.by.Military.Dept,TOA,constant,defense.wide,1982,66570000000
tbl.6.03.TOA.by.Military.Dept,TOA,constant,OCO.place.holder,1982,0
tbl.6.03.TOA.by.Military.Dept,TOA,current,army,1983,57359000000
tbl.6.03.TOA.by.Military.Dept,TOA,current,navy,1983,78951000000
tbl.6.03.TOA.by.Military.Dept,TOA,current,air.force,1983,73440000000
tbl.6.03.TOA.by.Military.Dept,TOA,current,defense.wide,1983,25743000000
tbl.6.03.TOA.by.Military.Dept,TOA,current,OCO.place.holder,1983,0
tbl.6.03.TOA.by.Military.Dept,TOA,constant,army,1983,153560000000
tbl.6.03.TOA.by.Military.Dept,TOA,constant,navy,1983,198448000000
tbl.6.03.TOA.by.Military.Dept,TOA,constant,air.force,1983,183388000000
tbl.6.03.TOA.by.Military.Dept,TOA,constant,defense.wide,1983,64348000000
tbl.6.03.TOA.by.Military.Dept,TOA,constant,OCO.place.holder,1983,0
tbl.6.03.TOA.by.Military.Dept,TOA,current,army,1984,61516000000
tbl.6.03.TOA.by.Military.Dept,TOA,current,navy,1984,80553000000
tbl.6.03.TOA.by.Military.Dept,TOA,current,air.force,1984,85304000000
tbl.6.03.TOA.by.Military.Dept,TOA,current,defense.wide,1984,27898000000
tbl.6.03.TOA.by.Military.Dept,TOA,current,OCO.place.holder,1984,0
tbl.6.03.TOA.by.Military.Dept,TOA,constant,army,1984,158381000000
tbl.6.03.TOA.by.Military.Dept,TOA,constant,navy,1984,197056000000
tbl.6.03.TOA.by.Military.Dept,TOA,constant,air.force,1984,204908000000
tbl.6.03.TOA.by.Military.Dept,TOA,constant,defense.wide,1984,67136000000
tbl.6.03.TOA.by.Military.Dept,TOA,constant,OCO.place.holder,1984,0
tbl.6.03.TOA.by.Military.Dept,TOA,current,army,1985,72760000000
tbl.6.03.TOA.by.Military.Dept,TOA,current,navy,1985,93124000000
tbl.6.03.TOA.by.Military.Dept,TOA,current,air.force,1985,96499000000
tbl.6.03.TOA.by.Military.Dept,TOA,current,defense.wide,1985,13790000000
tbl.6.03.TOA.by.Military.Dept,TOA,current,OCO.place.holder,1985,0
tbl.6.03.TOA.by.Military.Dept,TOA,constant,army,1985,179034000000
tbl.6.03.TOA.by.Military.Dept,TOA,constant,navy,1985,220281000000
tbl.6.03.TOA.by.Military.Dept,TOA,constant,air.force,1985,224988000000
tbl.6.03.TOA.by.Military.Dept,TOA,constant,defense.wide,1985,31330000000
tbl.6.03.TOA.by.Military.Dept,TOA,constant,OCO.place.holder,1985,0
tbl.6.03.TOA.by.Military.Dept,TOA,current,army,1986,73770000000
tbl.6.03.TOA.by.Military.Dept,TOA,current,navy,1986,93259000000
tbl.6.03.TOA.by.Military.Dept,TOA,current,air.force,1986,93932000000
tbl.6.03.TOA.by.Military.Dept,TOA,current,defense.wide,1986,17178000000
tbl.6.03.TOA.by.Military.Dept,TOA,current,OCO.place.holder,1986,0
tbl.6.03.TOA.by.Military.Dept,TOA,constant,army,1986,176696000000
tbl.6.03.TOA.by.Military.Dept,TOA,constant,navy,1986,215949000000
tbl.6.03.TOA.by.Military.Dept,TOA,constant,air.force,1986,215281000000
tbl.6.03.TOA.by.Military.Dept,TOA,constant,defense.wide,1986,37471000000
tbl.6.03.TOA.by.Military.Dept,TOA,constant,OCO.place.holder,1986,0
tbl.6.03.TOA.by.Military.Dept,TOA,current,army,1987,75360000000
tbl.6.03.TOA.by.Military.Dept,TOA,current,navy,1987,95132000000
tbl.6.03.TOA.by.Military.Dept,TOA,current,air.force,1987,93621000000
tbl.6.03.TOA.by.Military.Dept,TOA,current,defense.wide,1987,18604000000
tbl.6.03.TOA.by.Military.Dept,TOA,current,OCO.place.holder,1987,0
tbl.6.03.TOA.by.Military.Dept,TOA,constant,army,1987,175669000000
tbl.6.03.TOA.by.Military.Dept,TOA,constant,navy,1987,213684000000
tbl.6.03.TOA.by.Military.Dept,TOA,constant,air.force,1987,209329000000
tbl.6.03.TOA.by.Military.Dept,TOA,constant,defense.wide,1987,39097000000
tbl.6.03.TOA.by.Military.Dept,TOA,constant,OCO.place.holder,1987,0
tbl.6.03.TOA.by.Military.Dept,TOA,current,army,1988,76544000000
tbl.6.03.TOA.by.Military.Dept,TOA,current,navy,1988,102364000000
tbl.6.03.TOA.by.Military.Dept,TOA,current,air.force,1988,90268000000
tbl.6.03.TOA.by.Military.Dept,TOA,current,defense.wide,1988,18629000000
tbl.6.03.TOA.by.Military.Dept,TOA,current,OCO.place.holder,1988,0
tbl.6.03.TOA.by.Military.Dept,TOA,constant,army,1988,171783000000
tbl.6.03.TOA.by.Military.Dept,TOA,constant,navy,1988,220267000000
tbl.6.03.TOA.by.Military.Dept,TOA,constant,air.force,1988,196616000000
tbl.6.03.TOA.by.Military.Dept,TOA,constant,defense.wide,1988,37699000000
tbl.6.03.TOA.by.Military.Dept,TOA,constant,OCO.place.holder,1988,0
tbl.6.03.TOA.by.Military.Dept,TOA,current,army,1989,78740000000
tbl.6.03.TOA.by.Military.Dept,TOA,current,navy,1989,98195000000
tbl.6.03.TOA.by.Military.Dept,TOA,current,air.force,1989,94713000000
tbl.6.03.TOA.by.Military.Dept,TOA,current,defense.wide,1989,19891000000
tbl.6.03.TOA.by.Military.Dept,TOA,current,OCO.place.holder,1989,0
tbl.6.03.TOA.by.Military.Dept,TOA,constant,army,1989,169894000000
tbl.6.03.TOA.by.Military.Dept,TOA,constant,navy,1989,205963000000
tbl.6.03.TOA.by.Military.Dept,TOA,constant,air.force,1989,198384000000
tbl.6.03.TOA.by.Military.Dept,TOA,constant,defense.wide,1989,38466000000
tbl.6.03.TOA.by.Military.Dept,TOA,constant,OCO.place.holder,1989,0
tbl.6.03.TOA.by.Military.Dept,TOA,current,army,1990,79385000000
tbl.6.03.TOA.by.Military.Dept,TOA,current,navy,1990,98597000000
tbl.6.03.TOA.by.Military.Dept,TOA,current,air.force,1990,93244000000
tbl.6.03.TOA.by.Military.Dept,TOA,current,defense.wide,1990,20130000000
tbl.6.03.TOA.by.Military.Dept,TOA,current,OCO.place.holder,1990,0
tbl.6.03.TOA.by.Military.Dept,TOA,constant,army,1990,166689000000
tbl.6.03.TOA.by.Military.Dept,TOA,constant,navy,1990,201373000000
tbl.6.03.TOA.by.Military.Dept,TOA,constant,air.force,1990,190836000000
tbl.6.03.TOA.by.Military.Dept,TOA,constant,defense.wide,1990,37571000000
tbl.6.03.TOA.by.Military.Dept,TOA,constant,OCO.place.holder,1990,0
tbl.6.03.TOA.by.Military.Dept,TOA,current,army,1991,92790000000
tbl.6.03.TOA.by.Military.Dept,TOA,current,navy,1991,101477000000
tbl.6.03.TOA.by.Military.Dept,TOA,current,air.force,1991,91189000000
tbl.6.03.TOA.by.Military.Dept,TOA,current,defense.wide,1991,25165000000
tbl.6.03.TOA.by.Military.Dept,TOA,current,OCO.place.holder,1991,0
tbl.6.03.TOA.by.Military.Dept,TOA,constant,army,1991,183487000000
tbl.6.03.TOA.by.Military.Dept,TOA,constant,navy,1991,198041000000
tbl.6.03.TOA.by.Military.Dept,TOA,constant,air.force,1991,177238000000
tbl.6.03.TOA.by.Military.Dept,TOA,constant,defense.wide,1991,45259000000
tbl.6.03.TOA.by.Military.Dept,TOA,constant,OCO.place.holder,1991,0
tbl.6.03.TOA.by.Military.Dept,TOA,current,army,1992,75083000000
tbl.6.03.TOA.by.Military.Dept,TOA,current,navy,1992,89927000000
tbl.6.03.TOA.by.Military.Dept,TOA,current,air.force,1992,83048000000
tbl.6.03.TOA.by.Military.Dept,TOA,current,defense.wide,1992,37136000000
tbl.6.03.TOA.by.Military.Dept,TOA,current,OCO.place.holder,1992,0
tbl.6.03.TOA.by.Military.Dept,TOA,constant,army,1992,149800000000
tbl.6.03.TOA.by.Military.Dept,TOA,constant,navy,1992,174435000000
tbl.6.03.TOA.by.Military.Dept,TOA,constant,air.force,1992,159223000000
tbl.6.03.TOA.by.Military.Dept,TOA,constant,defense.wide,1992,63528000000
tbl.6.03.TOA.by.Military.Dept,TOA,constant,OCO.place.holder,1992,0
tbl.6.03.TOA.by.Military.Dept,TOA,current,army,1993,67249000000
tbl.6.03.TOA.by.Military.Dept,TOA,current,navy,1993,84995000000
tbl.6.03.TOA.by.Military.Dept,TOA,current,air.force,1993,79566000000
tbl.6.03.TOA.by.Military.Dept,TOA,current,defense.wide,1993,37845000000
tbl.6.03.TOA.by.Military.Dept,TOA,current,OCO.place.holder,1993,0
tbl.6.03.TOA.by.Military.Dept,TOA,constant,army,1993,129809000000
tbl.6.03.TOA.by.Military.Dept,TOA,constant,navy,1993,161020000000
tbl.6.03.TOA.by.Military.Dept,TOA,constant,air.force,1993,147690000000
tbl.6.03.TOA.by.Military.Dept,TOA,constant,defense.wide,1993,76812000000
tbl.6.03.TOA.by.Military.Dept,TOA,constant,OCO.place.holder,1993,0
tbl.6.03.TOA.by.Military.Dept,TOA,current,army,1994,63460000000
tbl.6.03.TOA.by.Military.Dept,TOA,current,navy,1994,77981000000
tbl.6.03.TOA.by.Military.Dept,TOA,current,air.force,1994,74938000000
tbl.6.03.TOA.by.Military.Dept,TOA,current,defense.wide,1994,34961000000
tbl.6.03.TOA.by.Military.Dept,TOA,current,OCO.place.holder,1994,0
tbl.6.03.TOA.by.Military.Dept,TOA,constant,army,1994,120176000000
tbl.6.03.TOA.by.Military.Dept,TOA,constant,navy,1994,143779000000
tbl.6.03.TOA.by.Military.Dept,TOA,constant,air.force,1994,136891000000
tbl.6.03.TOA.by.Military.Dept,TOA,constant,defense.wide,1994,70538000000
tbl.6.03.TOA.by.Military.Dept,TOA,constant,OCO.place.holder,1994,0
tbl.6.03.TOA.by.Military.Dept,TOA,current,army,1995,64529000000
tbl.6.03.TOA.by.Military.Dept,TOA,current,navy,1995,78585000000
tbl.6.03.TOA.by.Military.Dept,TOA,current,air.force,1995,73773000000
tbl.6.03.TOA.by.Military.Dept,TOA,current,defense.wide,1995,37329000000
tbl.6.03.TOA.by.Military.Dept,TOA,current,OCO.place.holder,1995,0
tbl.6.03.TOA.by.Military.Dept,TOA,constant,army,1995,119103000000
tbl.6.03.TOA.by.Military.Dept,TOA,constant,navy,1995,141489000000
tbl.6.03.TOA.by.Military.Dept,TOA,constant,air.force,1995,133354000000
tbl.6.03.TOA.by.Military.Dept,TOA,constant,defense.wide,1995,72800000000
tbl.6.03.TOA.by.Military.Dept,TOA,constant,OCO.place.holder,1995,0
tbl.6.03.TOA.by.Military.Dept,TOA,current,army,1996,66120000000
tbl.6.03.TOA.by.Military.Dept,TOA,current,navy,1996,79560000000
tbl.6.03.TOA.by.Military.Dept,TOA,current,air.force,1996,74230000000
tbl.6.03.TOA.by.Military.Dept,TOA,current,defense.wide,1996,35143000000
tbl.6.03.TOA.by.Military.Dept,TOA,current,OCO.place.holder,1996,0
tbl.6.03.TOA.by.Military.Dept,TOA,constant,army,1996,118627000000
tbl.6.03.TOA.by.Military.Dept,TOA,constant,navy,1996,139993000000
tbl.6.03.TOA.by.Military.Dept,TOA,constant,air.force,1996,130840000000
tbl.6.03.TOA.by.Military.Dept,TOA,constant,defense.wide,1996,67850000000
tbl.6.03.TOA.by.Military.Dept,TOA,constant,OCO.place.holder,1996,0
tbl.6.03.TOA.by.Military.Dept,TOA,current,army,1997,65380000000
tbl.6.03.TOA.by.Military.Dept,TOA,current,navy,1997,79171000000
tbl.6.03.TOA.by.Military.Dept,TOA,current,air.force,1997,73170000000
tbl.6.03.TOA.by.Military.Dept,TOA,current,defense.wide,1997,36465000000
tbl.6.03.TOA.by.Military.Dept,TOA,current,OCO.place.holder,1997,0
tbl.6.03.TOA.by.Military.Dept,TOA,constant,army,1997,114810000000
tbl.6.03.TOA.by.Military.Dept,TOA,constant,navy,1997,136364000000
tbl.6.03.TOA.by.Military.Dept,TOA,constant,air.force,1997,126102000000
tbl.6.03.TOA.by.Military.Dept,TOA,constant,defense.wide,1997,68482000000
tbl.6.03.TOA.by.Military.Dept,TOA,constant,OCO.place.holder,1997,0
tbl.6.03.TOA.by.Military.Dept,TOA,current,army,1998,64001000000
tbl.6.03.TOA.by.Military.Dept,TOA,current,navy,1998,81958000000
tbl.6.03.TOA.by.Military.Dept,TOA,current,air.force,1998,76543000000
tbl.6.03.TOA.by.Military.Dept,TOA,current,defense.wide,1998,36621000000
tbl.6.03.TOA.by.Military.Dept,TOA,current,OCO.place.holder,1998,0
tbl.6.03.TOA.by.Military.Dept,TOA,constant,army,1998,109109000000
tbl.6.03.TOA.by.Military.Dept,TOA,constant,navy,1998,136646000000
tbl.6.03.TOA.by.Military.Dept,TOA,constant,air.force,1998,127656000000
tbl.6.03.TOA.by.Military.Dept,TOA,constant,defense.wide,1998,67400000000
tbl.6.03.TOA.by.Military.Dept,TOA,constant,OCO.place.holder,1998,0
tbl.6.03.TOA.by.Military.Dept,TOA,current,army,1999,69331000000
tbl.6.03.TOA.by.Military.Dept,TOA,current,navy,1999,84398000000
tbl.6.03.TOA.by.Military.Dept,TOA,current,air.force,1999,80862000000
tbl.6.03.TOA.by.Military.Dept,TOA,current,defense.wide,1999,38138000000
tbl.6.03.TOA.by.Military.Dept,TOA,current,OCO.place.holder,1999,0
tbl.6.03.TOA.by.Military.Dept,TOA,constant,army,1999,114240000000
tbl.6.03.TOA.by.Military.Dept,TOA,constant,navy,1999,138355000000
tbl.6.03.TOA.by.Military.Dept,TOA,constant,air.force,1999,131927000000
tbl.6.03.TOA.by.Military.Dept,TOA,constant,defense.wide,1999,68156000000
tbl.6.03.TOA.by.Military.Dept,TOA,constant,OCO.place.holder,1999,0
tbl.6.03.TOA.by.Military.Dept,TOA,current,army,2000,73264000000
tbl.6.03.TOA.by.Military.Dept,TOA,current,navy,2000,88509000000
tbl.6.03.TOA.by.Military.Dept,TOA,current,air.force,2000,83368000000
tbl.6.03.TOA.by.Military.Dept,TOA,current,defense.wide,2000,41818000000
tbl.6.03.TOA.by.Military.Dept,TOA,current,OCO.place.holder,2000,0
tbl.6.03.TOA.by.Military.Dept,TOA,constant,army,2000,116910000000
tbl.6.03.TOA.by.Military.Dept,TOA,constant,navy,2000,140858000000
tbl.6.03.TOA.by.Military.Dept,TOA,constant,air.force,2000,132748000000
tbl.6.03.TOA.by.Military.Dept,TOA,constant,defense.wide,2000,73473000000
tbl.6.03.TOA.by.Military.Dept,TOA,constant,OCO.place.holder,2000,0
tbl.6.03.TOA.by.Military.Dept,TOA,current,army,2001,78047000000
tbl.6.03.TOA.by.Military.Dept,TOA,current,navy,2001,96117000000
tbl.6.03.TOA.by.Military.Dept,TOA,current,air.force,2001,90051000000
tbl.6.03.TOA.by.Military.Dept,TOA,current,defense.wide,2001,52325000000
tbl.6.03.TOA.by.Military.Dept,TOA,current,OCO.place.holder,2001,0
tbl.6.03.TOA.by.Military.Dept,TOA,constant,army,2001,121024000000
tbl.6.03.TOA.by.Military.Dept,TOA,constant,navy,2001,147980000000
tbl.6.03.TOA.by.Military.Dept,TOA,constant,air.force,2001,138355000000
tbl.6.03.TOA.by.Military.Dept,TOA,constant,defense.wide,2001,87528000000
tbl.6.03.TOA.by.Military.Dept,TOA,constant,OCO.place.holder,2001,0
tbl.6.03.TOA.by.Military.Dept,TOA,current,army,2002,86099000000
tbl.6.03.TOA.by.Military.Dept,TOA,current,navy,2002,101778000000
tbl.6.03.TOA.by.Military.Dept,TOA,current,air.force,2002,100266000000
tbl.6.03.TOA.by.Military.Dept,TOA,current,defense.wide,2002,67235000000
tbl.6.03.TOA.by.Military.Dept,TOA,current,OCO.place.holder,2002,0
tbl.6.03.TOA.by.Military.Dept,TOA,constant,army,2002,129075000000
tbl.6.03.TOA.by.Military.Dept,TOA,constant,navy,2002,152570000000
tbl.6.03.TOA.by.Military.Dept,TOA,constant,air.force,2002,150225000000
tbl.6.03.TOA.by.Military.Dept,TOA,constant,defense.wide,2002,109173000000
tbl.6.03.TOA.by.Military.Dept,TOA,constant,OCO.place.holder,2002,0
tbl.6.03.TOA.by.Military.Dept,TOA,current,army,2003,122268000000
tbl.6.03.TOA.by.Military.Dept,TOA,current,navy,2003,123887000000
tbl.6.03.TOA.by.Military.Dept,TOA,current,air.force,2003,125770000000
tbl.6.03.TOA.by.Military.Dept,TOA,current,defense.wide,2003,61099000000
tbl.6.03.TOA.by.Military.Dept,TOA,current,OCO.place.holder,2003,0
tbl.6.03.TOA.by.Military.Dept,TOA,constant,army,2003,177968000000
tbl.6.03.TOA.by.Military.Dept,TOA,constant,navy,2003,181572000000
tbl.6.03.TOA.by.Military.Dept,TOA,constant,air.force,2003,184302000000
tbl.6.03.TOA.by.Military.Dept,TOA,constant,defense.wide,2003,95368000000
tbl.6.03.TOA.by.Military.Dept,TOA,constant,OCO.place.holder,2003,0
tbl.6.03.TOA.by.Military.Dept,TOA,current,army,2004,141551000000
tbl.6.03.TOA.by.Military.Dept,TOA,current,navy,2004,121608000000
tbl.6.03.TOA.by.Military.Dept,TOA,current,air.force,2004,125353000000
tbl.6.03.TOA.by.Military.Dept,TOA,current,defense.wide,2004,67541000000
tbl.6.03.TOA.by.Military.Dept,TOA,current,OCO.place.holder,2004,0
tbl.6.03.TOA.by.Military.Dept,TOA,constant,army,2004,199778000000
tbl.6.03.TOA.by.Military.Dept,TOA,constant,navy,2004,172979000000
tbl.6.03.TOA.by.Military.Dept,TOA,constant,air.force,2004,178442000000
tbl.6.03.TOA.by.Military.Dept,TOA,constant,defense.wide,2004,101873000000
tbl.6.03.TOA.by.Military.Dept,TOA,constant,OCO.place.holder,2004,0
tbl.6.03.TOA.by.Military.Dept,TOA,current,army,2005,167343000000
tbl.6.03.TOA.by.Military.Dept,TOA,current,navy,2005,133560000000
tbl.6.03.TOA.by.Military.Dept,TOA,current,air.force,2005,131673000000
tbl.6.03.TOA.by.Military.Dept,TOA,current,defense.wide,2005,69900000000
tbl.6.03.TOA.by.Military.Dept,TOA,current,OCO.place.holder,2005,0
tbl.6.03.TOA.by.Military.Dept,TOA,constant,army,2005,227463000000
tbl.6.03.TOA.by.Military.Dept,TOA,constant,navy,2005,181914000000
tbl.6.03.TOA.by.Military.Dept,TOA,constant,air.force,2005,179313000000
tbl.6.03.TOA.by.Military.Dept,TOA,constant,defense.wide,2005,101210000000
tbl.6.03.TOA.by.Military.Dept,TOA,constant,OCO.place.holder,2005,0
tbl.6.03.TOA.by.Military.Dept,TOA,current,army,2006,176455000000
tbl.6.03.TOA.by.Military.Dept,TOA,current,navy,2006,144596000000
tbl.6.03.TOA.by.Military.Dept,TOA,current,air.force,2006,140864000000
tbl.6.03.TOA.by.Military.Dept,TOA,current,defense.wide,2006,74357000000
tbl.6.03.TOA.by.Military.Dept,TOA,current,OCO.place.holder,2006,0
tbl.6.03.TOA.by.Military.Dept,TOA,constant,army,2006,232972000000
tbl.6.03.TOA.by.Military.Dept,TOA,constant,navy,2006,190868000000
tbl.6.03.TOA.by.Military.Dept,TOA,constant,air.force,2006,185241000000
tbl.6.03.TOA.by.Military.Dept,TOA,constant,defense.wide,2006,104328000000
tbl.6.03.TOA.by.Military.Dept,TOA,constant,OCO.place.holder,2006,0
tbl.6.03.TOA.by.Military.Dept,TOA,current,army,2007,221264000000
tbl.6.03.TOA.by.Military.Dept,TOA,current,navy,2007,150834000000
tbl.6.03.TOA.by.Military.Dept,TOA,current,air.force,2007,149348000000
tbl.6.03.TOA.by.Military.Dept,TOA,current,defense.wide,2007,82426000000
tbl.6.03.TOA.by.Military.Dept,TOA,current,OCO.place.holder,2007,0
tbl.6.03.TOA.by.Military.Dept,TOA,constant,army,2007,284395000000
tbl.6.03.TOA.by.Military.Dept,TOA,constant,navy,2007,194425000000
tbl.6.03.TOA.by.Military.Dept,TOA,constant,air.force,2007,192013000000
tbl.6.03.TOA.by.Military.Dept,TOA,constant,defense.wide,2007,111942000000
tbl.6.03.TOA.by.Military.Dept,TOA,constant,OCO.place.holder,2007,0
tbl.6.03.TOA.by.Military.Dept,TOA,current,army,2008,252220000000
tbl.6.03.TOA.by.Military.Dept,TOA,current,navy,2008,164893000000
tbl.6.03.TOA.by.Military.Dept,TOA,current,air.force,2008,159729000000
tbl.6.03.TOA.by.Military.Dept,TOA,current,defense.wide,2008,92438000000
tbl.6.03.TOA.by.Military.Dept,TOA,current,OCO.place.holder,2008,0
tbl.6.03.TOA.by.Military.Dept,TOA,constant,army,2008,316869000000
tbl.6.03.TOA.by.Military.Dept,TOA,constant,navy,2008,206578000000
tbl.6.03.TOA.by.Military.Dept,TOA,constant,air.force,2008,198874000000
tbl.6.03.TOA.by.Military.Dept,TOA,constant,defense.wide,2008,120969000000
tbl.6.03.TOA.by.Military.Dept,TOA,constant,OCO.place.holder,2008,0
tbl.6.03.TOA.by.Military.Dept,TOA,current,army,2009,237402000000
tbl.6.03.TOA.by.Military.Dept,TOA,current,navy,2009,166765000000
tbl.6.03.TOA.by.Military.Dept,TOA,current,air.force,2009,163138000000
tbl.6.03.TOA.by.Military.Dept,TOA,current,defense.wide,2009,98555000000
tbl.6.03.TOA.by.Military.Dept,TOA,current,OCO.place.holder,2009,0
tbl.6.03.TOA.by.Military.Dept,TOA,constant,army,2009,292865000000
tbl.6.03.TOA.by.Military.Dept,TOA,constant,navy,2009,206049000000
tbl.6.03.TOA.by.Military.Dept,TOA,constant,air.force,2009,201409000000
tbl.6.03.TOA.by.Military.Dept,TOA,constant,defense.wide,2009,125783000000
tbl.6.03.TOA.by.Military.Dept,TOA,constant,OCO.place.holder,2009,0
tbl.6.03.TOA.by.Military.Dept,TOA,current,army,2010,243365000000
tbl.6.03.TOA.by.Military.Dept,TOA,current,navy,2010,177126000000
tbl.6.03.TOA.by.Military.Dept,TOA,current,air.force,2010,165894000000
tbl.6.03.TOA.by.Military.Dept,TOA,current,defense.wide,2010,105406000000
tbl.6.03.TOA.by.Military.Dept,TOA,current,OCO.place.holder,2010,0
tbl.6.03.TOA.by.Military.Dept,TOA,constant,army,2010,294392000000
tbl.6.03.TOA.by.Military.Dept,TOA,constant,navy,2010,213932000000
tbl.6.03.TOA.by.Military.Dept,TOA,constant,air.force,2010,199772000000
tbl.6.03.TOA.by.Military.Dept,TOA,constant,defense.wide,2010,131099000000
tbl.6.03.TOA.by.Military.Dept,TOA,constant,OCO.place.holder,2010,0
tbl.6.03.TOA.by.Military.Dept,TOA,current,army,2011,238887000000
tbl.6.03.TOA.by.Military.Dept,TOA,current,navy,2011,176814000000
tbl.6.03.TOA.by.Military.Dept,TOA,current,air.force,2011,167293000000
tbl.6.03.TOA.by.Military.Dept,TOA,current,defense.wide,2011,106098000000
tbl.6.03.TOA.by.Military.Dept,TOA,current,OCO.place.holder,2011,0
tbl.6.03.TOA.by.Military.Dept,TOA,constant,army,2011,284018000000
tbl.6.03.TOA.by.Military.Dept,TOA,constant,navy,2011,209314000000
tbl.6.03.TOA.by.Military.Dept,TOA,constant,air.force,2011,197572000000
tbl.6.03.TOA.by.Military.Dept,TOA,constant,defense.wide,2011,129345000000
tbl.6.03.TOA.by.Military.Dept,TOA,constant,OCO.place.holder,2011,0
tbl.6.03.TOA.by.Military.Dept,TOA,current,army,2012,206640000000
tbl.6.03.TOA.by.Military.Dept,TOA,current,navy,2012,174710000000
tbl.6.03.TOA.by.Military.Dept,TOA,current,air.force,2012,164283000000
tbl.6.03.TOA.by.Military.Dept,TOA,current,defense.wide,2012,106655000000
tbl.6.03.TOA.by.Military.Dept,TOA,current,OCO.place.holder,2012,0
tbl.6.03.TOA.by.Military.Dept,TOA,constant,army,2012,241899000000
tbl.6.03.TOA.by.Military.Dept,TOA,constant,navy,2012,203465000000
tbl.6.03.TOA.by.Military.Dept,TOA,constant,air.force,2012,191052000000
tbl.6.03.TOA.by.Military.Dept,TOA,constant,defense.wide,2012,127692000000
tbl.6.03.TOA.by.Military.Dept,TOA,constant,OCO.place.holder,2012,0
tbl.6.03.TOA.by.Military.Dept,TOA,current,army,2013,176535000000
tbl.6.03.TOA.by.Military.Dept,TOA,current,navy,2013,163140000000
tbl.6.03.TOA.by.Military.Dept,TOA,current,air.force,2013,146263000000
tbl.6.03.TOA.by.Military.Dept,TOA,current,defense.wide,2013,99455000000
tbl.6.03.TOA.by.Military.Dept,TOA,current,OCO.place.holder,2013,0
tbl.6.03.TOA.by.Military.Dept,TOA,constant,army,2013,203789000000
tbl.6.03.TOA.by.Military.Dept,TOA,constant,navy,2013,187480000000
tbl.6.03.TOA.by.Military.Dept,TOA,constant,air.force,2013,166545000000
tbl.6.03.TOA.by.Military.Dept,TOA,constant,defense.wide,2013,117231000000
tbl.6.03.TOA.by.Military.Dept,TOA,constant,OCO.place.holder,2013,0
tbl.6.03.TOA.by.Military.Dept,TOA,current,army,2014,162246000000
tbl.6.03.TOA.by.Military.Dept,TOA,current,navy,2014,164397000000
tbl.6.03.TOA.by.Military.Dept,TOA,current,air.force,2014,152392000000
tbl.6.03.TOA.by.Military.Dept,TOA,current,defense.wide,2014,102153000000
tbl.6.03.TOA.by.Military.Dept,TOA,current,OCO.place.holder,2014,0
tbl.6.03.TOA.by.Military.Dept,TOA,constant,army,2014,184959000000
tbl.6.03.TOA.by.Military.Dept,TOA,constant,navy,2014,186674000000
tbl.6.03.TOA.by.Military.Dept,TOA,constant,air.force,2014,171680000000
tbl.6.03.TOA.by.Military.Dept,TOA,constant,defense.wide,2014,118777000000
tbl.6.03.TOA.by.Military.Dept,TOA,constant,OCO.place.holder,2014,0
tbl.6.03.TOA.by.Military.Dept,TOA,current,army,2015,150887000000
tbl.6.03.TOA.by.Military.Dept,TOA,current,navy,2015,160512000000
tbl.6.03.TOA.by.Military.Dept,TOA,current,air.force,2015,153567000000
tbl.6.03.TOA.by.Military.Dept,TOA,current,defense.wide,2015,100437000000
tbl.6.03.TOA.by.Military.Dept,TOA,current,OCO.place.holder,2015,0
tbl.6.03.TOA.by.Military.Dept,TOA,constant,army,2015,170085000000
tbl.6.03.TOA.by.Military.Dept,TOA,constant,navy,2015,180040000000
tbl.6.03.TOA.by.Military.Dept,TOA,constant,air.force,2015,171943000000
tbl.6.03.TOA.by.Military.Dept,TOA,constant,defense.wide,2015,114819000000
tbl.6.03.TOA.by.Military.Dept,TOA,constant,OCO.place.holder,2015,0
tbl.6.03.TOA.by.Military.Dept,TOA,current,army,2016,151296000000
tbl.6.03.TOA.by.Military.Dept,TOA,current,navy,2016,170325000000
tbl.6.03.TOA.by.Military.Dept,TOA,current,air.force,2016,164009000000
tbl.6.03.TOA.by.Military.Dept,TOA,current,defense.wide,2016,102348000000
tbl.6.03.TOA.by.Military.Dept,TOA,current,OCO.place.holder,2016,0
tbl.6.03.TOA.by.Military.Dept,TOA,constant,army,2016,168581000000
tbl.6.03.TOA.by.Military.Dept,TOA,constant,navy,2016,189723000000
tbl.6.03.TOA.by.Military.Dept,TOA,constant,air.force,2016,182566000000
tbl.6.03.TOA.by.Military.Dept,TOA,constant,defense.wide,2016,114710000000
tbl.6.03.TOA.by.Military.Dept,TOA,constant,OCO.place.holder,2016,0
tbl.6.03.TOA.by.Military.Dept,TOA,current,army,2017,159018000000
tbl.6.03.TOA.by.Military.Dept,TOA,current,navy,2017,174058000000
tbl.6.03.TOA.by.Military.Dept,TOA,current,air.force,2017,171457000000
tbl.6.03.TOA.by.Military.Dept,TOA,current,defense.wide,2017,104754000000
tbl.6.03.TOA.by.Military.Dept,TOA,current,OCO.place.holder,2017,0
tbl.6.03.TOA.by.Military.Dept,TOA,constant,army,2017,173688000000
tbl.6.03.TOA.by.Military.Dept,TOA,constant,navy,2017,189984000000
tbl.6.03.TOA.by.Military.Dept,TOA,constant,air.force,2017,187237000000
tbl.6.03.TOA.by.Military.Dept,TOA,constant,defense.wide,2017,114972000000
tbl.6.03.TOA.by.Military.Dept,TOA,constant,OCO.place.holder,2017,0
tbl.6.03.TOA.by.Military.Dept,TOA,current,army,2018,178260000000
tbl.6.03.TOA.by.Military.Dept,TOA,current,navy,2018,190489000000
tbl.6.03.TOA.by.Military.Dept,TOA,current,air.force,2018,190359000000
tbl.6.03.TOA.by.Military.Dept,TOA,current,defense.wide,2018,113853000000
tbl.6.03.TOA.by.Military.Dept,TOA,current,OCO.place.holder,2018,0
tbl.6.03.TOA.by.Military.Dept,TOA,constant,army,2018,190529000000
tbl.6.03.TOA.by.Military.Dept,TOA,constant,navy,2018,203358000000
tbl.6.03.TOA.by.Military.Dept,TOA,constant,air.force,2018,203102000000
tbl.6.03.TOA.by.Military.Dept,TOA,constant,defense.wide,2018,122265000000
tbl.6.03.TOA.by.Military.Dept,TOA,constant,OCO.place.holder,2018,0
tbl.6.03.TOA.by.Military.Dept,TOA,current,army,2019,181166000000
tbl.6.03.TOA.by.Military.Dept,TOA,current,navy,2019,197778000000
tbl.6.03.TOA.by.Military.Dept,TOA,current,air.force,2019,196066000000
tbl.6.03.TOA.by.Military.Dept,TOA,current,defense.wide,2019,117991000000
tbl.6.03.TOA.by.Military.Dept,TOA,current,OCO.place.holder,2019,0
tbl.6.03.TOA.by.Military.Dept,TOA,constant,army,2019,189439000000
tbl.6.03.TOA.by.Military.Dept,TOA,constant,navy,2019,206327000000
tbl.6.03.TOA.by.Military.Dept,TOA,constant,air.force,2019,204297000000
tbl.6.03.TOA.by.Military.Dept,TOA,constant,defense.wide,2019,123930000000
tbl.6.03.TOA.by.Military.Dept,TOA,constant,OCO.place.holder,2019,0
tbl.6.03.TOA.by.Military.Dept,TOA,current,army,2020,180090000000
tbl.6.03.TOA.by.Military.Dept,TOA,current,navy,2020,210025000000
tbl.6.03.TOA.by.Military.Dept,TOA,current,air.force,2020,207169000000
tbl.6.03.TOA.by.Military.Dept,TOA,current,defense.wide,2020,120539000000
tbl.6.03.TOA.by.Military.Dept,TOA,current,OCO.place.holder,2020,0
tbl.6.03.TOA.by.Military.Dept,TOA,constant,army,2020,184029000000
tbl.6.03.TOA.by.Military.Dept,TOA,constant,navy,2020,214275000000
tbl.6.03.TOA.by.Military.Dept,TOA,constant,air.force,2020,211171000000
tbl.6.03.TOA.by.Military.Dept,TOA,constant,defense.wide,2020,123394000000
tbl.6.03.TOA.by.Military.Dept,TOA,constant,OCO.place.holder,2020,0
tbl.6.03.TOA.by.Military.Dept,TOA,current,army,2021,177925000000
tbl.6.03.TOA.by.Military.Dept,TOA,current,navy,2021,207073000000
tbl.6.03.TOA.by.Military.Dept,TOA,current,air.force,2021,207168000000
tbl.6.03.TOA.by.Military.Dept,TOA,current,defense.wide,2021,113336000000
tbl.6.03.TOA.by.Military.Dept,TOA,current,OCO.place.holder,2021,0
tbl.6.03.TOA.by.Military.Dept,TOA,constant,army,2021,177925000000
tbl.6.03.TOA.by.Military.Dept,TOA,constant,navy,2021,207073000000
tbl.6.03.TOA.by.Military.Dept,TOA,constant,air.force,2021,207168000000
tbl.6.03.TOA.by.Military.Dept,TOA,constant,defense.wide,2021,113336000000
tbl.6.03.TOA.by.Military.Dept,TOA,constant,OCO.place.holder,2021,0
tbl.6.03.TOA.by.Military.Dept,TOA,current,army,2022,164245000000
tbl.6.03.TOA.by.Military.Dept,TOA,current,navy,2022,208285000000
tbl.6.03.TOA.by.Military.Dept,TOA,current,air.force,2022,211558000000
tbl.6.03.TOA.by.Military.Dept,TOA,current,defense.wide,2022,117766000000
tbl.6.03.TOA.by.Military.Dept,TOA,current,OCO.place.holder,2022,20000000000
tbl.6.03.TOA.by.Military.Dept,TOA,constant,army,2022,160721000000
tbl.6.03.TOA.by.Military.Dept,TOA,constant,navy,2022,204012000000
tbl.6.03.TOA.by.Military.Dept,TOA,constant,air.force,2022,207298000000
tbl.6.03.TOA.by.Military.Dept,TOA,constant,defense.wide,2022,115008000000
tbl.6.03.TOA.by.Military.Dept,TOA,constant,OCO.place.holder,2022,19552000000
tbl.6.03.TOA.by.Military.Dept,TOA,current,army,2023,167869000000
tbl.6.03.TOA.by.Military.Dept,TOA,current,navy,2023,215192000000
tbl.6.03.TOA.by.Military.Dept,TOA,current,air.force,2023,214571000000
tbl.6.03.TOA.by.Military.Dept,TOA,current,defense.wide,2023,119383000000
tbl.6.03.TOA.by.Military.Dept,TOA,current,OCO.place.holder,2023,20000000000
tbl.6.03.TOA.by.Military.Dept,TOA,constant,army,2023,160686000000
tbl.6.03.TOA.by.Military.Dept,TOA,constant,navy,2023,206300000000
tbl.6.03.TOA.by.Military.Dept,TOA,constant,air.force,2023,205822000000
tbl.6.03.TOA.by.Military.Dept,TOA,constant,defense.wide,2023,113778000000
tbl.6.03.TOA.by.Military.Dept,TOA,constant,OCO.place.holder,2023,19164000000
tbl.6.03.TOA.by.Military.Dept,TOA,current,army,2024,173476000000
tbl.6.03.TOA.by.Military.Dept,TOA,current,navy,2024,220493000000
tbl.6.03.TOA.by.Military.Dept,TOA,current,air.force,2024,220311000000
tbl.6.03.TOA.by.Military.Dept,TOA,current,defense.wide,2024,128227000000
tbl.6.03.TOA.by.Military.Dept,TOA,current,OCO.place.holder,2024,10000000000
tbl.6.03.TOA.by.Military.Dept,TOA,constant,army,2024,162458000000
tbl.6.03.TOA.by.Military.Dept,TOA,constant,navy,2024,206941000000
tbl.6.03.TOA.by.Military.Dept,TOA,constant,air.force,2024,206952000000
tbl.6.03.TOA.by.Military.Dept,TOA,constant,defense.wide,2024,119366000000
tbl.6.03.TOA.by.Military.Dept,TOA,constant,OCO.place.holder,2024,9339000000
tbl.6.03.TOA.by.Military.Dept,TOA,current,army,2025,177783000000
tbl.6.03.TOA.by.Military.Dept,TOA,current,navy,2025,226781000000
tbl.6.03.TOA.by.Military.Dept,TOA,current,air.force,2025,224480000000
tbl.6.03.TOA.by.Military.Dept,TOA,current,defense.wide,2025,129242000000
tbl.6.03.TOA.by.Military.Dept,TOA,current,OCO.place.holder,2025,10000000000
tbl.6.03.TOA.by.Military.Dept,TOA,constant,army,2025,162886000000
tbl.6.03.TOA.by.Military.Dept,TOA,constant,navy,2025,208392000000
tbl.6.03.TOA.by.Military.Dept,TOA,constant,air.force,2025,206518000000
tbl.6.03.TOA.by.Military.Dept,TOA,constant,defense.wide,2025,117446000000
tbl.6.03.TOA.by.Military.Dept,TOA,constant,OCO.place.holder,2025,9156000000
