budget.type,deflator.type,pay.category,source.table,FY,amount
TOA,current,pay,tbl.6.02.TOA.by.Pay.Category,1948,2472000000
TOA,current,pay,tbl.6.02.TOA.by.Pay.Category,1948,3428000000
TOA,current,pay,tbl.6.02.TOA.by.Pay.Category,1948,175000000
TOA,current,non.pay,tbl.6.02.TOA.by.Pay.Category,1948,0
TOA,current,non.pay,tbl.6.02.TOA.by.Pay.Category,1948,804000000
TOA,current,non.pay,tbl.6.02.TOA.by.Pay.Category,1948,1608000000
TOA,current,non.pay,tbl.6.02.TOA.by.Pay.Category,1948,3416000000
TOA,current,non.pay,tbl.6.02.TOA.by.Pay.Category,1948,0
TOA,constant,pay,tbl.6.02.TOA.by.Pay.Category,1948,56250000000
TOA,constant,pay,tbl.6.02.TOA.by.Pay.Category,1948,88881000000
TOA,constant,pay,tbl.6.02.TOA.by.Pay.Category,1948,3213000000
TOA,constant,non.pay,tbl.6.02.TOA.by.Pay.Category,1948,0
TOA,constant,non.pay,tbl.6.02.TOA.by.Pay.Category,1948,7473000000
TOA,constant,non.pay,tbl.6.02.TOA.by.Pay.Category,1948,18382000000
TOA,constant,non.pay,tbl.6.02.TOA.by.Pay.Category,1948,35775000000
TOA,constant,non.pay,tbl.6.02.TOA.by.Pay.Category,1948,0
TOA,current,pay,tbl.6.02.TOA.by.Pay.Category,1949,2712000000
TOA,current,pay,tbl.6.02.TOA.by.Pay.Category,1949,3747000000
TOA,current,pay,tbl.6.02.TOA.by.Pay.Category,1949,193000000
TOA,current,non.pay,tbl.6.02.TOA.by.Pay.Category,1949,0
TOA,current,non.pay,tbl.6.02.TOA.by.Pay.Category,1949,854000000
TOA,current,non.pay,tbl.6.02.TOA.by.Pay.Category,1949,1900000000
TOA,current,non.pay,tbl.6.02.TOA.by.Pay.Category,1949,3798000000
TOA,current,non.pay,tbl.6.02.TOA.by.Pay.Category,1949,0
TOA,constant,pay,tbl.6.02.TOA.by.Pay.Category,1949,57068000000
TOA,constant,pay,tbl.6.02.TOA.by.Pay.Category,1949,97411000000
TOA,constant,pay,tbl.6.02.TOA.by.Pay.Category,1949,3524000000
TOA,constant,non.pay,tbl.6.02.TOA.by.Pay.Category,1949,0
TOA,constant,non.pay,tbl.6.02.TOA.by.Pay.Category,1949,7576000000
TOA,constant,non.pay,tbl.6.02.TOA.by.Pay.Category,1949,20456000000
TOA,constant,non.pay,tbl.6.02.TOA.by.Pay.Category,1949,38169000000
TOA,constant,non.pay,tbl.6.02.TOA.by.Pay.Category,1949,0
TOA,current,pay,tbl.6.02.TOA.by.Pay.Category,1950,2586000000
TOA,current,pay,tbl.6.02.TOA.by.Pay.Category,1950,4154000000
TOA,current,pay,tbl.6.02.TOA.by.Pay.Category,1950,197000000
TOA,current,non.pay,tbl.6.02.TOA.by.Pay.Category,1950,0
TOA,current,non.pay,tbl.6.02.TOA.by.Pay.Category,1950,788000000
TOA,current,non.pay,tbl.6.02.TOA.by.Pay.Category,1950,1828000000
TOA,current,non.pay,tbl.6.02.TOA.by.Pay.Category,1950,4784000000
TOA,current,non.pay,tbl.6.02.TOA.by.Pay.Category,1950,0
TOA,constant,pay,tbl.6.02.TOA.by.Pay.Category,1950,51993000000
TOA,constant,pay,tbl.6.02.TOA.by.Pay.Category,1950,96065000000
TOA,constant,pay,tbl.6.02.TOA.by.Pay.Category,1950,3752000000
TOA,constant,non.pay,tbl.6.02.TOA.by.Pay.Category,1950,0
TOA,constant,non.pay,tbl.6.02.TOA.by.Pay.Category,1950,7048000000
TOA,constant,non.pay,tbl.6.02.TOA.by.Pay.Category,1950,19544000000
TOA,constant,non.pay,tbl.6.02.TOA.by.Pay.Category,1950,47392000000
TOA,constant,non.pay,tbl.6.02.TOA.by.Pay.Category,1950,0
TOA,current,pay,tbl.6.02.TOA.by.Pay.Category,1951,3222000000
TOA,current,pay,tbl.6.02.TOA.by.Pay.Category,1951,6890000000
TOA,current,pay,tbl.6.02.TOA.by.Pay.Category,1951,324000000
TOA,current,non.pay,tbl.6.02.TOA.by.Pay.Category,1951,0
TOA,current,non.pay,tbl.6.02.TOA.by.Pay.Category,1951,1632000000
TOA,current,non.pay,tbl.6.02.TOA.by.Pay.Category,1951,8855000000
TOA,current,non.pay,tbl.6.02.TOA.by.Pay.Category,1951,24250000000
TOA,current,non.pay,tbl.6.02.TOA.by.Pay.Category,1951,0
TOA,constant,pay,tbl.6.02.TOA.by.Pay.Category,1951,65670000000
TOA,constant,pay,tbl.6.02.TOA.by.Pay.Category,1951,149671000000
TOA,constant,pay,tbl.6.02.TOA.by.Pay.Category,1951,3827000000
TOA,constant,non.pay,tbl.6.02.TOA.by.Pay.Category,1951,0
TOA,constant,non.pay,tbl.6.02.TOA.by.Pay.Category,1951,13646000000
TOA,constant,non.pay,tbl.6.02.TOA.by.Pay.Category,1951,88037000000
TOA,constant,non.pay,tbl.6.02.TOA.by.Pay.Category,1951,222501000000
TOA,constant,non.pay,tbl.6.02.TOA.by.Pay.Category,1951,0
TOA,current,pay,tbl.6.02.TOA.by.Pay.Category,1952,4780000000
TOA,current,pay,tbl.6.02.TOA.by.Pay.Category,1952,9375000000
TOA,current,pay,tbl.6.02.TOA.by.Pay.Category,1952,331000000
TOA,current,non.pay,tbl.6.02.TOA.by.Pay.Category,1952,0
TOA,current,non.pay,tbl.6.02.TOA.by.Pay.Category,1952,1766000000
TOA,current,non.pay,tbl.6.02.TOA.by.Pay.Category,1952,9686000000
TOA,current,non.pay,tbl.6.02.TOA.by.Pay.Category,1952,31251000000
TOA,current,non.pay,tbl.6.02.TOA.by.Pay.Category,1952,0
TOA,constant,pay,tbl.6.02.TOA.by.Pay.Category,1952,91208000000
TOA,constant,pay,tbl.6.02.TOA.by.Pay.Category,1952,205058000000
TOA,constant,pay,tbl.6.02.TOA.by.Pay.Category,1952,3986000000
TOA,constant,non.pay,tbl.6.02.TOA.by.Pay.Category,1952,0
TOA,constant,non.pay,tbl.6.02.TOA.by.Pay.Category,1952,15171000000
TOA,constant,non.pay,tbl.6.02.TOA.by.Pay.Category,1952,97277000000
TOA,constant,non.pay,tbl.6.02.TOA.by.Pay.Category,1952,296940000000
TOA,constant,non.pay,tbl.6.02.TOA.by.Pay.Category,1952,0
TOA,current,pay,tbl.6.02.TOA.by.Pay.Category,1953,5516000000
TOA,current,pay,tbl.6.02.TOA.by.Pay.Category,1953,10097000000
TOA,current,pay,tbl.6.02.TOA.by.Pay.Category,1953,356000000
TOA,current,non.pay,tbl.6.02.TOA.by.Pay.Category,1953,0
TOA,current,non.pay,tbl.6.02.TOA.by.Pay.Category,1953,2084000000
TOA,current,non.pay,tbl.6.02.TOA.by.Pay.Category,1953,6419000000
TOA,current,non.pay,tbl.6.02.TOA.by.Pay.Category,1953,19811000000
TOA,current,non.pay,tbl.6.02.TOA.by.Pay.Category,1953,0
TOA,constant,pay,tbl.6.02.TOA.by.Pay.Category,1953,101354000000
TOA,constant,pay,tbl.6.02.TOA.by.Pay.Category,1953,206894000000
TOA,constant,pay,tbl.6.02.TOA.by.Pay.Category,1953,4229000000
TOA,constant,non.pay,tbl.6.02.TOA.by.Pay.Category,1953,0
TOA,constant,non.pay,tbl.6.02.TOA.by.Pay.Category,1953,17721000000
TOA,constant,non.pay,tbl.6.02.TOA.by.Pay.Category,1953,63536000000
TOA,constant,non.pay,tbl.6.02.TOA.by.Pay.Category,1953,183231000000
TOA,constant,non.pay,tbl.6.02.TOA.by.Pay.Category,1953,0
TOA,current,pay,tbl.6.02.TOA.by.Pay.Category,1954,5271000000
TOA,current,pay,tbl.6.02.TOA.by.Pay.Category,1954,9461000000
TOA,current,pay,tbl.6.02.TOA.by.Pay.Category,1954,386000000
TOA,current,non.pay,tbl.6.02.TOA.by.Pay.Category,1954,0
TOA,current,non.pay,tbl.6.02.TOA.by.Pay.Category,1954,1729000000
TOA,current,non.pay,tbl.6.02.TOA.by.Pay.Category,1954,4289000000
TOA,current,non.pay,tbl.6.02.TOA.by.Pay.Category,1954,9292000000
TOA,current,non.pay,tbl.6.02.TOA.by.Pay.Category,1954,0
TOA,constant,pay,tbl.6.02.TOA.by.Pay.Category,1954,92143000000
TOA,constant,pay,tbl.6.02.TOA.by.Pay.Category,1954,196192000000
TOA,constant,pay,tbl.6.02.TOA.by.Pay.Category,1954,4912000000
TOA,constant,non.pay,tbl.6.02.TOA.by.Pay.Category,1954,0
TOA,constant,non.pay,tbl.6.02.TOA.by.Pay.Category,1954,14754000000
TOA,constant,non.pay,tbl.6.02.TOA.by.Pay.Category,1954,44248000000
TOA,constant,non.pay,tbl.6.02.TOA.by.Pay.Category,1954,83708000000
TOA,constant,non.pay,tbl.6.02.TOA.by.Pay.Category,1954,0
TOA,current,pay,tbl.6.02.TOA.by.Pay.Category,1955,5255000000
TOA,current,pay,tbl.6.02.TOA.by.Pay.Category,1955,9244000000
TOA,current,pay,tbl.6.02.TOA.by.Pay.Category,1955,422000000
TOA,current,non.pay,tbl.6.02.TOA.by.Pay.Category,1955,0
TOA,current,non.pay,tbl.6.02.TOA.by.Pay.Category,1955,1796000000
TOA,current,non.pay,tbl.6.02.TOA.by.Pay.Category,1955,3943000000
TOA,current,non.pay,tbl.6.02.TOA.by.Pay.Category,1955,13130000000
TOA,current,non.pay,tbl.6.02.TOA.by.Pay.Category,1955,0
TOA,constant,pay,tbl.6.02.TOA.by.Pay.Category,1955,86666000000
TOA,constant,pay,tbl.6.02.TOA.by.Pay.Category,1955,187507000000
TOA,constant,pay,tbl.6.02.TOA.by.Pay.Category,1955,5058000000
TOA,constant,non.pay,tbl.6.02.TOA.by.Pay.Category,1955,0
TOA,constant,non.pay,tbl.6.02.TOA.by.Pay.Category,1955,14430000000
TOA,constant,non.pay,tbl.6.02.TOA.by.Pay.Category,1955,39722000000
TOA,constant,non.pay,tbl.6.02.TOA.by.Pay.Category,1955,112937000000
TOA,constant,non.pay,tbl.6.02.TOA.by.Pay.Category,1955,0
TOA,current,pay,tbl.6.02.TOA.by.Pay.Category,1956,5502000000
TOA,current,pay,tbl.6.02.TOA.by.Pay.Category,1956,9136000000
TOA,current,pay,tbl.6.02.TOA.by.Pay.Category,1956,479000000
TOA,current,non.pay,tbl.6.02.TOA.by.Pay.Category,1956,0
TOA,current,non.pay,tbl.6.02.TOA.by.Pay.Category,1956,1752000000
TOA,current,non.pay,tbl.6.02.TOA.by.Pay.Category,1956,4485000000
TOA,current,non.pay,tbl.6.02.TOA.by.Pay.Category,1956,16711000000
TOA,current,non.pay,tbl.6.02.TOA.by.Pay.Category,1956,0
TOA,constant,pay,tbl.6.02.TOA.by.Pay.Category,1956,85176000000
TOA,constant,pay,tbl.6.02.TOA.by.Pay.Category,1956,176998000000
TOA,constant,pay,tbl.6.02.TOA.by.Pay.Category,1956,5371000000
TOA,constant,non.pay,tbl.6.02.TOA.by.Pay.Category,1956,0
TOA,constant,non.pay,tbl.6.02.TOA.by.Pay.Category,1956,13466000000
TOA,constant,non.pay,tbl.6.02.TOA.by.Pay.Category,1956,43900000000
TOA,constant,non.pay,tbl.6.02.TOA.by.Pay.Category,1956,141850000000
TOA,constant,non.pay,tbl.6.02.TOA.by.Pay.Category,1956,0
TOA,current,pay,tbl.6.02.TOA.by.Pay.Category,1957,5701000000
TOA,current,pay,tbl.6.02.TOA.by.Pay.Category,1957,9117000000
TOA,current,pay,tbl.6.02.TOA.by.Pay.Category,1957,511000000
TOA,current,non.pay,tbl.6.02.TOA.by.Pay.Category,1957,0
TOA,current,non.pay,tbl.6.02.TOA.by.Pay.Category,1957,1828000000
TOA,current,non.pay,tbl.6.02.TOA.by.Pay.Category,1957,4695000000
TOA,current,non.pay,tbl.6.02.TOA.by.Pay.Category,1957,17872000000
TOA,current,non.pay,tbl.6.02.TOA.by.Pay.Category,1957,0
TOA,constant,pay,tbl.6.02.TOA.by.Pay.Category,1957,84824000000
TOA,constant,pay,tbl.6.02.TOA.by.Pay.Category,1957,179690000000
TOA,constant,pay,tbl.6.02.TOA.by.Pay.Category,1957,5514000000
TOA,constant,non.pay,tbl.6.02.TOA.by.Pay.Category,1957,0
TOA,constant,non.pay,tbl.6.02.TOA.by.Pay.Category,1957,13215000000
TOA,constant,non.pay,tbl.6.02.TOA.by.Pay.Category,1957,44441000000
TOA,constant,non.pay,tbl.6.02.TOA.by.Pay.Category,1957,146462000000
TOA,constant,non.pay,tbl.6.02.TOA.by.Pay.Category,1957,0
TOA,current,pay,tbl.6.02.TOA.by.Pay.Category,1958,6003000000
TOA,current,pay,tbl.6.02.TOA.by.Pay.Category,1958,8993000000
TOA,current,pay,tbl.6.02.TOA.by.Pay.Category,1958,561000000
TOA,current,non.pay,tbl.6.02.TOA.by.Pay.Category,1958,0
TOA,current,non.pay,tbl.6.02.TOA.by.Pay.Category,1958,1994000000
TOA,current,non.pay,tbl.6.02.TOA.by.Pay.Category,1958,5032000000
TOA,current,non.pay,tbl.6.02.TOA.by.Pay.Category,1958,18541000000
TOA,current,non.pay,tbl.6.02.TOA.by.Pay.Category,1958,0
TOA,constant,pay,tbl.6.02.TOA.by.Pay.Category,1958,83765000000
TOA,constant,pay,tbl.6.02.TOA.by.Pay.Category,1958,169403000000
TOA,constant,pay,tbl.6.02.TOA.by.Pay.Category,1958,6002000000
TOA,constant,non.pay,tbl.6.02.TOA.by.Pay.Category,1958,0
TOA,constant,non.pay,tbl.6.02.TOA.by.Pay.Category,1958,14237000000
TOA,constant,non.pay,tbl.6.02.TOA.by.Pay.Category,1958,46478000000
TOA,constant,non.pay,tbl.6.02.TOA.by.Pay.Category,1958,153922000000
TOA,constant,non.pay,tbl.6.02.TOA.by.Pay.Category,1958,0
TOA,current,pay,tbl.6.02.TOA.by.Pay.Category,1959,6327000000
TOA,current,pay,tbl.6.02.TOA.by.Pay.Category,1959,9269000000
TOA,current,pay,tbl.6.02.TOA.by.Pay.Category,1959,635000000
TOA,current,non.pay,tbl.6.02.TOA.by.Pay.Category,1959,0
TOA,current,non.pay,tbl.6.02.TOA.by.Pay.Category,1959,2025000000
TOA,current,non.pay,tbl.6.02.TOA.by.Pay.Category,1959,4946000000
TOA,current,non.pay,tbl.6.02.TOA.by.Pay.Category,1959,18992000000
TOA,current,non.pay,tbl.6.02.TOA.by.Pay.Category,1959,0
TOA,constant,pay,tbl.6.02.TOA.by.Pay.Category,1959,83089000000
TOA,constant,pay,tbl.6.02.TOA.by.Pay.Category,1959,163201000000
TOA,constant,pay,tbl.6.02.TOA.by.Pay.Category,1959,6346000000
TOA,constant,non.pay,tbl.6.02.TOA.by.Pay.Category,1959,0
TOA,constant,non.pay,tbl.6.02.TOA.by.Pay.Category,1959,14196000000
TOA,constant,non.pay,tbl.6.02.TOA.by.Pay.Category,1959,45434000000
TOA,constant,non.pay,tbl.6.02.TOA.by.Pay.Category,1959,155484000000
TOA,constant,non.pay,tbl.6.02.TOA.by.Pay.Category,1959,0
TOA,current,pay,tbl.6.02.TOA.by.Pay.Category,1960,6240000000
TOA,current,pay,tbl.6.02.TOA.by.Pay.Category,1960,9168000000
TOA,current,pay,tbl.6.02.TOA.by.Pay.Category,1960,693000000
TOA,current,non.pay,tbl.6.02.TOA.by.Pay.Category,1960,0
TOA,current,non.pay,tbl.6.02.TOA.by.Pay.Category,1960,2072000000
TOA,current,non.pay,tbl.6.02.TOA.by.Pay.Category,1960,5149000000
TOA,current,non.pay,tbl.6.02.TOA.by.Pay.Category,1960,16934000000
TOA,current,non.pay,tbl.6.02.TOA.by.Pay.Category,1960,0
TOA,constant,pay,tbl.6.02.TOA.by.Pay.Category,1960,79693000000
TOA,constant,pay,tbl.6.02.TOA.by.Pay.Category,1960,159787000000
TOA,constant,pay,tbl.6.02.TOA.by.Pay.Category,1960,6987000000
TOA,constant,non.pay,tbl.6.02.TOA.by.Pay.Category,1960,0
TOA,constant,non.pay,tbl.6.02.TOA.by.Pay.Category,1960,14585000000
TOA,constant,non.pay,tbl.6.02.TOA.by.Pay.Category,1960,46177000000
TOA,constant,non.pay,tbl.6.02.TOA.by.Pay.Category,1960,136010000000
TOA,constant,non.pay,tbl.6.02.TOA.by.Pay.Category,1960,0
TOA,current,pay,tbl.6.02.TOA.by.Pay.Category,1961,6616000000
TOA,current,pay,tbl.6.02.TOA.by.Pay.Category,1961,9181000000
TOA,current,pay,tbl.6.02.TOA.by.Pay.Category,1961,788000000
TOA,current,non.pay,tbl.6.02.TOA.by.Pay.Category,1961,0
TOA,current,non.pay,tbl.6.02.TOA.by.Pay.Category,1961,2176000000
TOA,current,non.pay,tbl.6.02.TOA.by.Pay.Category,1961,5428000000
TOA,current,non.pay,tbl.6.02.TOA.by.Pay.Category,1961,20454000000
TOA,current,non.pay,tbl.6.02.TOA.by.Pay.Category,1961,0
TOA,constant,pay,tbl.6.02.TOA.by.Pay.Category,1961,78485000000
TOA,constant,pay,tbl.6.02.TOA.by.Pay.Category,1961,158700000000
TOA,constant,pay,tbl.6.02.TOA.by.Pay.Category,1961,7968000000
TOA,constant,non.pay,tbl.6.02.TOA.by.Pay.Category,1961,0
TOA,constant,non.pay,tbl.6.02.TOA.by.Pay.Category,1961,15095000000
TOA,constant,non.pay,tbl.6.02.TOA.by.Pay.Category,1961,48035000000
TOA,constant,non.pay,tbl.6.02.TOA.by.Pay.Category,1961,165505000000
TOA,constant,non.pay,tbl.6.02.TOA.by.Pay.Category,1961,0
TOA,current,pay,tbl.6.02.TOA.by.Pay.Category,1962,7034000000
TOA,current,pay,tbl.6.02.TOA.by.Pay.Category,1962,9917000000
TOA,current,pay,tbl.6.02.TOA.by.Pay.Category,1962,896000000
TOA,current,non.pay,tbl.6.02.TOA.by.Pay.Category,1962,0
TOA,current,non.pay,tbl.6.02.TOA.by.Pay.Category,1962,2240000000
TOA,current,non.pay,tbl.6.02.TOA.by.Pay.Category,1962,6271000000
TOA,current,non.pay,tbl.6.02.TOA.by.Pay.Category,1962,22075000000
TOA,current,non.pay,tbl.6.02.TOA.by.Pay.Category,1962,0
TOA,constant,pay,tbl.6.02.TOA.by.Pay.Category,1962,81514000000
TOA,constant,pay,tbl.6.02.TOA.by.Pay.Category,1962,172362000000
TOA,constant,pay,tbl.6.02.TOA.by.Pay.Category,1962,9051000000
TOA,constant,non.pay,tbl.6.02.TOA.by.Pay.Category,1962,0
TOA,constant,non.pay,tbl.6.02.TOA.by.Pay.Category,1962,15683000000
TOA,constant,non.pay,tbl.6.02.TOA.by.Pay.Category,1962,54715000000
TOA,constant,non.pay,tbl.6.02.TOA.by.Pay.Category,1962,176093000000
TOA,constant,non.pay,tbl.6.02.TOA.by.Pay.Category,1962,0
TOA,current,pay,tbl.6.02.TOA.by.Pay.Category,1963,7295000000
TOA,current,pay,tbl.6.02.TOA.by.Pay.Category,1963,9762000000
TOA,current,pay,tbl.6.02.TOA.by.Pay.Category,1963,1015000000
TOA,current,non.pay,tbl.6.02.TOA.by.Pay.Category,1963,0
TOA,current,non.pay,tbl.6.02.TOA.by.Pay.Category,1963,2279000000
TOA,current,non.pay,tbl.6.02.TOA.by.Pay.Category,1963,6132000000
TOA,current,non.pay,tbl.6.02.TOA.by.Pay.Category,1963,22936000000
TOA,current,non.pay,tbl.6.02.TOA.by.Pay.Category,1963,0
TOA,constant,pay,tbl.6.02.TOA.by.Pay.Category,1963,81500000000
TOA,constant,pay,tbl.6.02.TOA.by.Pay.Category,1963,168191000000
TOA,constant,pay,tbl.6.02.TOA.by.Pay.Category,1963,10338000000
TOA,constant,non.pay,tbl.6.02.TOA.by.Pay.Category,1963,0
TOA,constant,non.pay,tbl.6.02.TOA.by.Pay.Category,1963,15901000000
TOA,constant,non.pay,tbl.6.02.TOA.by.Pay.Category,1963,53127000000
TOA,constant,non.pay,tbl.6.02.TOA.by.Pay.Category,1963,179905000000
TOA,constant,non.pay,tbl.6.02.TOA.by.Pay.Category,1963,0
TOA,current,pay,tbl.6.02.TOA.by.Pay.Category,1964,7502000000
TOA,current,pay,tbl.6.02.TOA.by.Pay.Category,1964,10615000000
TOA,current,pay,tbl.6.02.TOA.by.Pay.Category,1964,1211000000
TOA,current,non.pay,tbl.6.02.TOA.by.Pay.Category,1964,0
TOA,current,non.pay,tbl.6.02.TOA.by.Pay.Category,1964,2368000000
TOA,current,non.pay,tbl.6.02.TOA.by.Pay.Category,1964,6156000000
TOA,current,non.pay,tbl.6.02.TOA.by.Pay.Category,1964,21694000000
TOA,current,non.pay,tbl.6.02.TOA.by.Pay.Category,1964,0
TOA,constant,pay,tbl.6.02.TOA.by.Pay.Category,1964,80406000000
TOA,constant,pay,tbl.6.02.TOA.by.Pay.Category,1964,168315000000
TOA,constant,pay,tbl.6.02.TOA.by.Pay.Category,1964,11858000000
TOA,constant,non.pay,tbl.6.02.TOA.by.Pay.Category,1964,0
TOA,constant,non.pay,tbl.6.02.TOA.by.Pay.Category,1964,16416000000
TOA,constant,non.pay,tbl.6.02.TOA.by.Pay.Category,1964,52820000000
TOA,constant,non.pay,tbl.6.02.TOA.by.Pay.Category,1964,165467000000
TOA,constant,non.pay,tbl.6.02.TOA.by.Pay.Category,1964,0
TOA,current,pay,tbl.6.02.TOA.by.Pay.Category,1965,7833000000
TOA,current,pay,tbl.6.02.TOA.by.Pay.Category,1965,11019000000
TOA,current,pay,tbl.6.02.TOA.by.Pay.Category,1965,1386000000
TOA,current,non.pay,tbl.6.02.TOA.by.Pay.Category,1965,0
TOA,current,non.pay,tbl.6.02.TOA.by.Pay.Category,1965,2411000000
TOA,current,non.pay,tbl.6.02.TOA.by.Pay.Category,1965,6728000000
TOA,current,non.pay,tbl.6.02.TOA.by.Pay.Category,1965,20184000000
TOA,current,non.pay,tbl.6.02.TOA.by.Pay.Category,1965,0
TOA,constant,pay,tbl.6.02.TOA.by.Pay.Category,1965,79234000000
TOA,constant,pay,tbl.6.02.TOA.by.Pay.Category,1965,168221000000
TOA,constant,pay,tbl.6.02.TOA.by.Pay.Category,1965,13339000000
TOA,constant,non.pay,tbl.6.02.TOA.by.Pay.Category,1965,0
TOA,constant,non.pay,tbl.6.02.TOA.by.Pay.Category,1965,16450000000
TOA,constant,non.pay,tbl.6.02.TOA.by.Pay.Category,1965,55932000000
TOA,constant,non.pay,tbl.6.02.TOA.by.Pay.Category,1965,149738000000
TOA,constant,non.pay,tbl.6.02.TOA.by.Pay.Category,1965,0
TOA,current,pay,tbl.6.02.TOA.by.Pay.Category,1966,8500000000
TOA,current,pay,tbl.6.02.TOA.by.Pay.Category,1966,12178000000
TOA,current,pay,tbl.6.02.TOA.by.Pay.Category,1966,1592000000
TOA,current,non.pay,tbl.6.02.TOA.by.Pay.Category,1966,0
TOA,current,non.pay,tbl.6.02.TOA.by.Pay.Category,1966,3277000000
TOA,current,non.pay,tbl.6.02.TOA.by.Pay.Category,1966,9015000000
TOA,current,non.pay,tbl.6.02.TOA.by.Pay.Category,1966,29968000000
TOA,current,non.pay,tbl.6.02.TOA.by.Pay.Category,1966,0
TOA,constant,pay,tbl.6.02.TOA.by.Pay.Category,1966,83022000000
TOA,constant,pay,tbl.6.02.TOA.by.Pay.Category,1966,171787000000
TOA,constant,pay,tbl.6.02.TOA.by.Pay.Category,1966,14666000000
TOA,constant,non.pay,tbl.6.02.TOA.by.Pay.Category,1966,0
TOA,constant,non.pay,tbl.6.02.TOA.by.Pay.Category,1966,21633000000
TOA,constant,non.pay,tbl.6.02.TOA.by.Pay.Category,1966,70582000000
TOA,constant,non.pay,tbl.6.02.TOA.by.Pay.Category,1966,209285000000
TOA,constant,non.pay,tbl.6.02.TOA.by.Pay.Category,1966,0
TOA,current,pay,tbl.6.02.TOA.by.Pay.Category,1967,9654000000
TOA,current,pay,tbl.6.02.TOA.by.Pay.Category,1967,14111000000
TOA,current,pay,tbl.6.02.TOA.by.Pay.Category,1967,1831000000
TOA,current,non.pay,tbl.6.02.TOA.by.Pay.Category,1967,0
TOA,current,non.pay,tbl.6.02.TOA.by.Pay.Category,1967,4125000000
TOA,current,non.pay,tbl.6.02.TOA.by.Pay.Category,1967,11923000000
TOA,current,non.pay,tbl.6.02.TOA.by.Pay.Category,1967,29946000000
TOA,current,non.pay,tbl.6.02.TOA.by.Pay.Category,1967,0
TOA,constant,pay,tbl.6.02.TOA.by.Pay.Category,1967,90767000000
TOA,constant,pay,tbl.6.02.TOA.by.Pay.Category,1967,189793000000
TOA,constant,pay,tbl.6.02.TOA.by.Pay.Category,1967,16268000000
TOA,constant,non.pay,tbl.6.02.TOA.by.Pay.Category,1967,0
TOA,constant,non.pay,tbl.6.02.TOA.by.Pay.Category,1967,26305000000
TOA,constant,non.pay,tbl.6.02.TOA.by.Pay.Category,1967,88725000000
TOA,constant,non.pay,tbl.6.02.TOA.by.Pay.Category,1967,202520000000
TOA,constant,non.pay,tbl.6.02.TOA.by.Pay.Category,1967,0
TOA,current,pay,tbl.6.02.TOA.by.Pay.Category,1968,10578000000
TOA,current,pay,tbl.6.02.TOA.by.Pay.Category,1968,15264000000
TOA,current,pay,tbl.6.02.TOA.by.Pay.Category,1968,2093000000
TOA,current,non.pay,tbl.6.02.TOA.by.Pay.Category,1968,0
TOA,current,non.pay,tbl.6.02.TOA.by.Pay.Category,1968,4697000000
TOA,current,non.pay,tbl.6.02.TOA.by.Pay.Category,1968,12859000000
TOA,current,non.pay,tbl.6.02.TOA.by.Pay.Category,1968,29474000000
TOA,current,non.pay,tbl.6.02.TOA.by.Pay.Category,1968,0
TOA,constant,pay,tbl.6.02.TOA.by.Pay.Category,1968,96190000000
TOA,constant,pay,tbl.6.02.TOA.by.Pay.Category,1968,195766000000
TOA,constant,pay,tbl.6.02.TOA.by.Pay.Category,1968,17995000000
TOA,constant,non.pay,tbl.6.02.TOA.by.Pay.Category,1968,0
TOA,constant,non.pay,tbl.6.02.TOA.by.Pay.Category,1968,28967000000
TOA,constant,non.pay,tbl.6.02.TOA.by.Pay.Category,1968,92992000000
TOA,constant,non.pay,tbl.6.02.TOA.by.Pay.Category,1968,189126000000
TOA,constant,non.pay,tbl.6.02.TOA.by.Pay.Category,1968,0
TOA,current,pay,tbl.6.02.TOA.by.Pay.Category,1969,11301000000
TOA,current,pay,tbl.6.02.TOA.by.Pay.Category,1969,16699000000
TOA,current,pay,tbl.6.02.TOA.by.Pay.Category,1969,2443000000
TOA,current,non.pay,tbl.6.02.TOA.by.Pay.Category,1969,0
TOA,current,non.pay,tbl.6.02.TOA.by.Pay.Category,1969,4686000000
TOA,current,non.pay,tbl.6.02.TOA.by.Pay.Category,1969,13793000000
TOA,current,non.pay,tbl.6.02.TOA.by.Pay.Category,1969,28831000000
TOA,current,non.pay,tbl.6.02.TOA.by.Pay.Category,1969,0
TOA,constant,pay,tbl.6.02.TOA.by.Pay.Category,1969,96637000000
TOA,constant,pay,tbl.6.02.TOA.by.Pay.Category,1969,198349000000
TOA,constant,pay,tbl.6.02.TOA.by.Pay.Category,1969,19931000000
TOA,constant,non.pay,tbl.6.02.TOA.by.Pay.Category,1969,0
TOA,constant,non.pay,tbl.6.02.TOA.by.Pay.Category,1969,27961000000
TOA,constant,non.pay,tbl.6.02.TOA.by.Pay.Category,1969,96890000000
TOA,constant,non.pay,tbl.6.02.TOA.by.Pay.Category,1969,177120000000
TOA,constant,non.pay,tbl.6.02.TOA.by.Pay.Category,1969,0
TOA,current,pay,tbl.6.02.TOA.by.Pay.Category,1970,12204000000
TOA,current,pay,tbl.6.02.TOA.by.Pay.Category,1970,18638000000
TOA,current,pay,tbl.6.02.TOA.by.Pay.Category,1970,2853000000
TOA,current,non.pay,tbl.6.02.TOA.by.Pay.Category,1970,0
TOA,current,non.pay,tbl.6.02.TOA.by.Pay.Category,1970,4340000000
TOA,current,non.pay,tbl.6.02.TOA.by.Pay.Category,1970,12239000000
TOA,current,non.pay,tbl.6.02.TOA.by.Pay.Category,1970,25238000000
TOA,current,non.pay,tbl.6.02.TOA.by.Pay.Category,1970,0
TOA,constant,pay,tbl.6.02.TOA.by.Pay.Category,1970,93470000000
TOA,constant,pay,tbl.6.02.TOA.by.Pay.Category,1970,192662000000
TOA,constant,pay,tbl.6.02.TOA.by.Pay.Category,1970,21654000000
TOA,constant,non.pay,tbl.6.02.TOA.by.Pay.Category,1970,0
TOA,constant,non.pay,tbl.6.02.TOA.by.Pay.Category,1970,24894000000
TOA,constant,non.pay,tbl.6.02.TOA.by.Pay.Category,1970,83679000000
TOA,constant,non.pay,tbl.6.02.TOA.by.Pay.Category,1970,149655000000
TOA,constant,non.pay,tbl.6.02.TOA.by.Pay.Category,1970,0
TOA,current,pay,tbl.6.02.TOA.by.Pay.Category,1971,12504000000
TOA,current,pay,tbl.6.02.TOA.by.Pay.Category,1971,18676000000
TOA,current,pay,tbl.6.02.TOA.by.Pay.Category,1971,3389000000
TOA,current,non.pay,tbl.6.02.TOA.by.Pay.Category,1971,0
TOA,current,non.pay,tbl.6.02.TOA.by.Pay.Category,1971,3949000000
TOA,current,non.pay,tbl.6.02.TOA.by.Pay.Category,1971,10856000000
TOA,current,non.pay,tbl.6.02.TOA.by.Pay.Category,1971,23471000000
TOA,current,non.pay,tbl.6.02.TOA.by.Pay.Category,1971,0
TOA,constant,pay,tbl.6.02.TOA.by.Pay.Category,1971,88135000000
TOA,constant,pay,tbl.6.02.TOA.by.Pay.Category,1971,178529000000
TOA,constant,pay,tbl.6.02.TOA.by.Pay.Category,1971,23251000000
TOA,constant,non.pay,tbl.6.02.TOA.by.Pay.Category,1971,0
TOA,constant,non.pay,tbl.6.02.TOA.by.Pay.Category,1971,21694000000
TOA,constant,non.pay,tbl.6.02.TOA.by.Pay.Category,1971,70772000000
TOA,constant,non.pay,tbl.6.02.TOA.by.Pay.Category,1971,131239000000
TOA,constant,non.pay,tbl.6.02.TOA.by.Pay.Category,1971,0
TOA,current,pay,tbl.6.02.TOA.by.Pay.Category,1972,13222000000
TOA,current,pay,tbl.6.02.TOA.by.Pay.Category,1972,19762000000
TOA,current,pay,tbl.6.02.TOA.by.Pay.Category,1972,3889000000
TOA,current,non.pay,tbl.6.02.TOA.by.Pay.Category,1972,0
TOA,current,non.pay,tbl.6.02.TOA.by.Pay.Category,1972,3385000000
TOA,current,non.pay,tbl.6.02.TOA.by.Pay.Category,1972,11172000000
TOA,current,non.pay,tbl.6.02.TOA.by.Pay.Category,1972,25037000000
TOA,current,non.pay,tbl.6.02.TOA.by.Pay.Category,1972,0
TOA,constant,pay,tbl.6.02.TOA.by.Pay.Category,1972,86083000000
TOA,constant,pay,tbl.6.02.TOA.by.Pay.Category,1972,162234000000
TOA,constant,pay,tbl.6.02.TOA.by.Pay.Category,1972,25017000000
TOA,constant,non.pay,tbl.6.02.TOA.by.Pay.Category,1972,0
TOA,constant,non.pay,tbl.6.02.TOA.by.Pay.Category,1972,17886000000
TOA,constant,non.pay,tbl.6.02.TOA.by.Pay.Category,1972,70924000000
TOA,constant,non.pay,tbl.6.02.TOA.by.Pay.Category,1972,131194000000
TOA,constant,non.pay,tbl.6.02.TOA.by.Pay.Category,1972,0
TOA,current,pay,tbl.6.02.TOA.by.Pay.Category,1973,13574000000
TOA,current,pay,tbl.6.02.TOA.by.Pay.Category,1973,20494000000
TOA,current,pay,tbl.6.02.TOA.by.Pay.Category,1973,4392000000
TOA,current,non.pay,tbl.6.02.TOA.by.Pay.Category,1973,0
TOA,current,non.pay,tbl.6.02.TOA.by.Pay.Category,1973,3145000000
TOA,current,non.pay,tbl.6.02.TOA.by.Pay.Category,1973,11782000000
TOA,current,non.pay,tbl.6.02.TOA.by.Pay.Category,1973,25538000000
TOA,current,non.pay,tbl.6.02.TOA.by.Pay.Category,1973,0
TOA,constant,pay,tbl.6.02.TOA.by.Pay.Category,1973,83316000000
TOA,constant,pay,tbl.6.02.TOA.by.Pay.Category,1973,149799000000
TOA,constant,pay,tbl.6.02.TOA.by.Pay.Category,1973,26633000000
TOA,constant,non.pay,tbl.6.02.TOA.by.Pay.Category,1973,0
TOA,constant,non.pay,tbl.6.02.TOA.by.Pay.Category,1973,15834000000
TOA,constant,non.pay,tbl.6.02.TOA.by.Pay.Category,1973,68724000000
TOA,constant,non.pay,tbl.6.02.TOA.by.Pay.Category,1973,123275000000
TOA,constant,non.pay,tbl.6.02.TOA.by.Pay.Category,1973,0
TOA,current,pay,tbl.6.02.TOA.by.Pay.Category,1974,14137000000
TOA,current,pay,tbl.6.02.TOA.by.Pay.Category,1974,21013000000
TOA,current,pay,tbl.6.02.TOA.by.Pay.Category,1974,5137000000
TOA,current,non.pay,tbl.6.02.TOA.by.Pay.Category,1974,0
TOA,current,non.pay,tbl.6.02.TOA.by.Pay.Category,1974,3090000000
TOA,current,non.pay,tbl.6.02.TOA.by.Pay.Category,1974,13021000000
TOA,current,non.pay,tbl.6.02.TOA.by.Pay.Category,1974,25294000000
TOA,current,non.pay,tbl.6.02.TOA.by.Pay.Category,1974,0
TOA,constant,pay,tbl.6.02.TOA.by.Pay.Category,1974,79690000000
TOA,constant,pay,tbl.6.02.TOA.by.Pay.Category,1974,143908000000
TOA,constant,pay,tbl.6.02.TOA.by.Pay.Category,1974,28405000000
TOA,constant,non.pay,tbl.6.02.TOA.by.Pay.Category,1974,0
TOA,constant,non.pay,tbl.6.02.TOA.by.Pay.Category,1974,14469000000
TOA,constant,non.pay,tbl.6.02.TOA.by.Pay.Category,1974,67423000000
TOA,constant,non.pay,tbl.6.02.TOA.by.Pay.Category,1974,110329000000
TOA,constant,non.pay,tbl.6.02.TOA.by.Pay.Category,1974,0
TOA,current,pay,tbl.6.02.TOA.by.Pay.Category,1975,15334000000
TOA,current,pay,tbl.6.02.TOA.by.Pay.Category,1975,21573000000
TOA,current,pay,tbl.6.02.TOA.by.Pay.Category,1975,6239000000
TOA,current,non.pay,tbl.6.02.TOA.by.Pay.Category,1975,0
TOA,current,non.pay,tbl.6.02.TOA.by.Pay.Category,1975,3312000000
TOA,current,non.pay,tbl.6.02.TOA.by.Pay.Category,1975,13982000000
TOA,current,non.pay,tbl.6.02.TOA.by.Pay.Category,1975,25693000000
TOA,current,non.pay,tbl.6.02.TOA.by.Pay.Category,1975,0
TOA,constant,pay,tbl.6.02.TOA.by.Pay.Category,1975,79962000000
TOA,constant,pay,tbl.6.02.TOA.by.Pay.Category,1975,138703000000
TOA,constant,pay,tbl.6.02.TOA.by.Pay.Category,1975,30233000000
TOA,constant,non.pay,tbl.6.02.TOA.by.Pay.Category,1975,0
TOA,constant,non.pay,tbl.6.02.TOA.by.Pay.Category,1975,13649000000
TOA,constant,non.pay,tbl.6.02.TOA.by.Pay.Category,1975,67036000000
TOA,constant,non.pay,tbl.6.02.TOA.by.Pay.Category,1975,100958000000
TOA,constant,non.pay,tbl.6.02.TOA.by.Pay.Category,1975,0
TOA,current,pay,tbl.6.02.TOA.by.Pay.Category,1976,16418000000
TOA,current,pay,tbl.6.02.TOA.by.Pay.Category,1976,21885000000
TOA,current,pay,tbl.6.02.TOA.by.Pay.Category,1976,7326000000
TOA,current,non.pay,tbl.6.02.TOA.by.Pay.Category,1976,0
TOA,current,non.pay,tbl.6.02.TOA.by.Pay.Category,1976,3544000000
TOA,current,non.pay,tbl.6.02.TOA.by.Pay.Category,1976,15929000000
TOA,current,non.pay,tbl.6.02.TOA.by.Pay.Category,1976,30556000000
TOA,current,non.pay,tbl.6.02.TOA.by.Pay.Category,1976,0
TOA,constant,pay,tbl.6.02.TOA.by.Pay.Category,1976,79162000000
TOA,constant,pay,tbl.6.02.TOA.by.Pay.Category,1976,133683000000
TOA,constant,pay,tbl.6.02.TOA.by.Pay.Category,1976,31972000000
TOA,constant,non.pay,tbl.6.02.TOA.by.Pay.Category,1976,0
TOA,constant,non.pay,tbl.6.02.TOA.by.Pay.Category,1976,13439000000
TOA,constant,non.pay,tbl.6.02.TOA.by.Pay.Category,1976,68042000000
TOA,constant,non.pay,tbl.6.02.TOA.by.Pay.Category,1976,108750000000
TOA,constant,non.pay,tbl.6.02.TOA.by.Pay.Category,1976,0
TOA,current,pay,tbl.6.02.TOA.by.Pay.Category,1977,17549000000
TOA,current,pay,tbl.6.02.TOA.by.Pay.Category,1977,22598000000
TOA,current,pay,tbl.6.02.TOA.by.Pay.Category,1977,8219000000
TOA,current,non.pay,tbl.6.02.TOA.by.Pay.Category,1977,0
TOA,current,non.pay,tbl.6.02.TOA.by.Pay.Category,1977,3350000000
TOA,current,non.pay,tbl.6.02.TOA.by.Pay.Category,1977,18374000000
TOA,current,non.pay,tbl.6.02.TOA.by.Pay.Category,1977,37478000000
TOA,current,non.pay,tbl.6.02.TOA.by.Pay.Category,1977,0
TOA,constant,pay,tbl.6.02.TOA.by.Pay.Category,1977,77800000000
TOA,constant,pay,tbl.6.02.TOA.by.Pay.Category,1977,130710000000
TOA,constant,pay,tbl.6.02.TOA.by.Pay.Category,1977,33865000000
TOA,constant,non.pay,tbl.6.02.TOA.by.Pay.Category,1977,0
TOA,constant,non.pay,tbl.6.02.TOA.by.Pay.Category,1977,11902000000
TOA,constant,non.pay,tbl.6.02.TOA.by.Pay.Category,1977,73769000000
TOA,constant,non.pay,tbl.6.02.TOA.by.Pay.Category,1977,129208000000
TOA,constant,non.pay,tbl.6.02.TOA.by.Pay.Category,1977,0
TOA,current,pay,tbl.6.02.TOA.by.Pay.Category,1978,18854000000
TOA,current,pay,tbl.6.02.TOA.by.Pay.Category,1978,23815000000
TOA,current,pay,tbl.6.02.TOA.by.Pay.Category,1978,9173000000
TOA,current,non.pay,tbl.6.02.TOA.by.Pay.Category,1978,0
TOA,current,non.pay,tbl.6.02.TOA.by.Pay.Category,1978,3369000000
TOA,current,non.pay,tbl.6.02.TOA.by.Pay.Category,1978,20069000000
TOA,current,non.pay,tbl.6.02.TOA.by.Pay.Category,1978,40848000000
TOA,current,non.pay,tbl.6.02.TOA.by.Pay.Category,1978,0
TOA,constant,pay,tbl.6.02.TOA.by.Pay.Category,1978,77383000000
TOA,constant,pay,tbl.6.02.TOA.by.Pay.Category,1978,128788000000
TOA,constant,pay,tbl.6.02.TOA.by.Pay.Category,1978,35156000000
TOA,constant,non.pay,tbl.6.02.TOA.by.Pay.Category,1978,0
TOA,constant,non.pay,tbl.6.02.TOA.by.Pay.Category,1978,11124000000
TOA,constant,non.pay,tbl.6.02.TOA.by.Pay.Category,1978,73722000000
TOA,constant,non.pay,tbl.6.02.TOA.by.Pay.Category,1978,129062000000
TOA,constant,non.pay,tbl.6.02.TOA.by.Pay.Category,1978,0
TOA,current,pay,tbl.6.02.TOA.by.Pay.Category,1979,20494000000
TOA,current,pay,tbl.6.02.TOA.by.Pay.Category,1979,25084000000
TOA,current,pay,tbl.6.02.TOA.by.Pay.Category,1979,10282000000
TOA,current,non.pay,tbl.6.02.TOA.by.Pay.Category,1979,0
TOA,current,non.pay,tbl.6.02.TOA.by.Pay.Category,1979,3566000000
TOA,current,non.pay,tbl.6.02.TOA.by.Pay.Category,1979,20304000000
TOA,current,non.pay,tbl.6.02.TOA.by.Pay.Category,1979,44991000000
TOA,current,non.pay,tbl.6.02.TOA.by.Pay.Category,1979,0
TOA,constant,pay,tbl.6.02.TOA.by.Pay.Category,1979,79428000000
TOA,constant,pay,tbl.6.02.TOA.by.Pay.Category,1979,128149000000
TOA,constant,pay,tbl.6.02.TOA.by.Pay.Category,1979,36399000000
TOA,constant,non.pay,tbl.6.02.TOA.by.Pay.Category,1979,0
TOA,constant,non.pay,tbl.6.02.TOA.by.Pay.Category,1979,10763000000
TOA,constant,non.pay,tbl.6.02.TOA.by.Pay.Category,1979,69462000000
TOA,constant,non.pay,tbl.6.02.TOA.by.Pay.Category,1979,129057000000
TOA,constant,non.pay,tbl.6.02.TOA.by.Pay.Category,1979,0
TOA,current,pay,tbl.6.02.TOA.by.Pay.Category,1980,22262000000
TOA,current,pay,tbl.6.02.TOA.by.Pay.Category,1980,26854000000
TOA,current,pay,tbl.6.02.TOA.by.Pay.Category,1980,11920000000
TOA,current,non.pay,tbl.6.02.TOA.by.Pay.Category,1980,0
TOA,current,non.pay,tbl.6.02.TOA.by.Pay.Category,1980,4211000000
TOA,current,non.pay,tbl.6.02.TOA.by.Pay.Category,1980,27226000000
TOA,current,non.pay,tbl.6.02.TOA.by.Pay.Category,1980,49510000000
TOA,current,non.pay,tbl.6.02.TOA.by.Pay.Category,1980,0
TOA,constant,pay,tbl.6.02.TOA.by.Pay.Category,1980,80761000000
TOA,constant,pay,tbl.6.02.TOA.by.Pay.Category,1980,128050000000
TOA,constant,pay,tbl.6.02.TOA.by.Pay.Category,1980,37647000000
TOA,constant,non.pay,tbl.6.02.TOA.by.Pay.Category,1980,0
TOA,constant,non.pay,tbl.6.02.TOA.by.Pay.Category,1980,11504000000
TOA,constant,non.pay,tbl.6.02.TOA.by.Pay.Category,1980,73888000000
TOA,constant,non.pay,tbl.6.02.TOA.by.Pay.Category,1980,129684000000
TOA,constant,non.pay,tbl.6.02.TOA.by.Pay.Category,1980,0
TOA,current,pay,tbl.6.02.TOA.by.Pay.Category,1981,23775000000
TOA,current,pay,tbl.6.02.TOA.by.Pay.Category,1981,31067000000
TOA,current,pay,tbl.6.02.TOA.by.Pay.Category,1981,13724000000
TOA,current,non.pay,tbl.6.02.TOA.by.Pay.Category,1981,0
TOA,current,non.pay,tbl.6.02.TOA.by.Pay.Category,1981,5679000000
TOA,current,non.pay,tbl.6.02.TOA.by.Pay.Category,1981,35443000000
TOA,current,non.pay,tbl.6.02.TOA.by.Pay.Category,1981,65860000000
TOA,current,non.pay,tbl.6.02.TOA.by.Pay.Category,1981,0
TOA,constant,pay,tbl.6.02.TOA.by.Pay.Category,1981,79311000000
TOA,constant,pay,tbl.6.02.TOA.by.Pay.Category,1981,129918000000
TOA,constant,pay,tbl.6.02.TOA.by.Pay.Category,1981,38979000000
TOA,constant,non.pay,tbl.6.02.TOA.by.Pay.Category,1981,0
TOA,constant,non.pay,tbl.6.02.TOA.by.Pay.Category,1981,14134000000
TOA,constant,non.pay,tbl.6.02.TOA.by.Pay.Category,1981,87133000000
TOA,constant,non.pay,tbl.6.02.TOA.by.Pay.Category,1981,159758000000
TOA,constant,non.pay,tbl.6.02.TOA.by.Pay.Category,1981,0
TOA,current,pay,tbl.6.02.TOA.by.Pay.Category,1982,26065000000
TOA,current,pay,tbl.6.02.TOA.by.Pay.Category,1982,36930000000
TOA,current,pay,tbl.6.02.TOA.by.Pay.Category,1982,14940000000
TOA,current,non.pay,tbl.6.02.TOA.by.Pay.Category,1982,0
TOA,current,non.pay,tbl.6.02.TOA.by.Pay.Category,1982,5899000000
TOA,current,non.pay,tbl.6.02.TOA.by.Pay.Category,1982,40088000000
TOA,current,non.pay,tbl.6.02.TOA.by.Pay.Category,1982,86744000000
TOA,current,non.pay,tbl.6.02.TOA.by.Pay.Category,1982,0
TOA,constant,pay,tbl.6.02.TOA.by.Pay.Category,1982,84732000000
TOA,constant,pay,tbl.6.02.TOA.by.Pay.Category,1982,132851000000
TOA,constant,pay,tbl.6.02.TOA.by.Pay.Category,1982,39817000000
TOA,constant,non.pay,tbl.6.02.TOA.by.Pay.Category,1982,0
TOA,constant,non.pay,tbl.6.02.TOA.by.Pay.Category,1982,13746000000
TOA,constant,non.pay,tbl.6.02.TOA.by.Pay.Category,1982,92004000000
TOA,constant,non.pay,tbl.6.02.TOA.by.Pay.Category,1982,198857000000
TOA,constant,non.pay,tbl.6.02.TOA.by.Pay.Category,1982,0
TOA,current,pay,tbl.6.02.TOA.by.Pay.Category,1983,27762000000
TOA,current,pay,tbl.6.02.TOA.by.Pay.Category,1983,39090000000
TOA,current,pay,tbl.6.02.TOA.by.Pay.Category,1983,15954000000
TOA,current,non.pay,tbl.6.02.TOA.by.Pay.Category,1983,0
TOA,current,non.pay,tbl.6.02.TOA.by.Pay.Category,1983,6548000000
TOA,current,non.pay,tbl.6.02.TOA.by.Pay.Category,1983,44009000000
TOA,current,non.pay,tbl.6.02.TOA.by.Pay.Category,1983,102130000000
TOA,current,non.pay,tbl.6.02.TOA.by.Pay.Category,1983,0
TOA,constant,pay,tbl.6.02.TOA.by.Pay.Category,1983,85596000000
TOA,constant,pay,tbl.6.02.TOA.by.Pay.Category,1983,134515000000
TOA,constant,pay,tbl.6.02.TOA.by.Pay.Category,1983,40190000000
TOA,constant,non.pay,tbl.6.02.TOA.by.Pay.Category,1983,0
TOA,constant,non.pay,tbl.6.02.TOA.by.Pay.Category,1983,14679000000
TOA,constant,non.pay,tbl.6.02.TOA.by.Pay.Category,1983,100405000000
TOA,constant,non.pay,tbl.6.02.TOA.by.Pay.Category,1983,224358000000
TOA,constant,non.pay,tbl.6.02.TOA.by.Pay.Category,1983,0
TOA,current,pay,tbl.6.02.TOA.by.Pay.Category,1984,29452000000
TOA,current,pay,tbl.6.02.TOA.by.Pay.Category,1984,41367000000
TOA,current,pay,tbl.6.02.TOA.by.Pay.Category,1984,16503000000
TOA,current,non.pay,tbl.6.02.TOA.by.Pay.Category,1984,0
TOA,current,non.pay,tbl.6.02.TOA.by.Pay.Category,1984,6810000000
TOA,current,non.pay,tbl.6.02.TOA.by.Pay.Category,1984,47669000000
TOA,current,non.pay,tbl.6.02.TOA.by.Pay.Category,1984,113470000000
TOA,current,non.pay,tbl.6.02.TOA.by.Pay.Category,1984,0
TOA,constant,pay,tbl.6.02.TOA.by.Pay.Category,1984,87258000000
TOA,constant,pay,tbl.6.02.TOA.by.Pay.Category,1984,135775000000
TOA,constant,pay,tbl.6.02.TOA.by.Pay.Category,1984,40207000000
TOA,constant,non.pay,tbl.6.02.TOA.by.Pay.Category,1984,0
TOA,constant,non.pay,tbl.6.02.TOA.by.Pay.Category,1984,14724000000
TOA,constant,non.pay,tbl.6.02.TOA.by.Pay.Category,1984,108346000000
TOA,constant,non.pay,tbl.6.02.TOA.by.Pay.Category,1984,241172000000
TOA,constant,non.pay,tbl.6.02.TOA.by.Pay.Category,1984,0
TOA,current,pay,tbl.6.02.TOA.by.Pay.Category,1985,31404000000
TOA,current,pay,tbl.6.02.TOA.by.Pay.Category,1985,43967000000
TOA,current,pay,tbl.6.02.TOA.by.Pay.Category,1985,17072000000
TOA,current,non.pay,tbl.6.02.TOA.by.Pay.Category,1985,0
TOA,current,non.pay,tbl.6.02.TOA.by.Pay.Category,1985,7040000000
TOA,current,non.pay,tbl.6.02.TOA.by.Pay.Category,1985,52254000000
TOA,current,non.pay,tbl.6.02.TOA.by.Pay.Category,1985,124436000000
TOA,current,non.pay,tbl.6.02.TOA.by.Pay.Category,1985,0
TOA,constant,pay,tbl.6.02.TOA.by.Pay.Category,1985,89979000000
TOA,constant,pay,tbl.6.02.TOA.by.Pay.Category,1985,137182000000
TOA,constant,pay,tbl.6.02.TOA.by.Pay.Category,1985,40562000000
TOA,constant,non.pay,tbl.6.02.TOA.by.Pay.Category,1985,0
TOA,constant,non.pay,tbl.6.02.TOA.by.Pay.Category,1985,14741000000
TOA,constant,non.pay,tbl.6.02.TOA.by.Pay.Category,1985,116571000000
TOA,constant,non.pay,tbl.6.02.TOA.by.Pay.Category,1985,256598000000
TOA,constant,non.pay,tbl.6.02.TOA.by.Pay.Category,1985,0
TOA,current,pay,tbl.6.02.TOA.by.Pay.Category,1986,32161000000
TOA,current,pay,tbl.6.02.TOA.by.Pay.Category,1986,46220000000
TOA,current,pay,tbl.6.02.TOA.by.Pay.Category,1986,17415000000
TOA,current,non.pay,tbl.6.02.TOA.by.Pay.Category,1986,0
TOA,current,non.pay,tbl.6.02.TOA.by.Pay.Category,1986,8061000000
TOA,current,non.pay,tbl.6.02.TOA.by.Pay.Category,1986,50250000000
TOA,current,non.pay,tbl.6.02.TOA.by.Pay.Category,1986,124034000000
TOA,current,non.pay,tbl.6.02.TOA.by.Pay.Category,1986,0
TOA,constant,pay,tbl.6.02.TOA.by.Pay.Category,1986,90190000000
TOA,constant,pay,tbl.6.02.TOA.by.Pay.Category,1986,138257000000
TOA,constant,pay,tbl.6.02.TOA.by.Pay.Category,1986,40638000000
TOA,constant,non.pay,tbl.6.02.TOA.by.Pay.Category,1986,0
TOA,constant,non.pay,tbl.6.02.TOA.by.Pay.Category,1986,16418000000
TOA,constant,non.pay,tbl.6.02.TOA.by.Pay.Category,1986,111754000000
TOA,constant,non.pay,tbl.6.02.TOA.by.Pay.Category,1986,248140000000
TOA,constant,non.pay,tbl.6.02.TOA.by.Pay.Category,1986,0
TOA,current,pay,tbl.6.02.TOA.by.Pay.Category,1987,34095000000
TOA,current,pay,tbl.6.02.TOA.by.Pay.Category,1987,47713000000
TOA,current,pay,tbl.6.02.TOA.by.Pay.Category,1987,18241000000
TOA,current,non.pay,tbl.6.02.TOA.by.Pay.Category,1987,0
TOA,current,non.pay,tbl.6.02.TOA.by.Pay.Category,1987,8537000000
TOA,current,non.pay,tbl.6.02.TOA.by.Pay.Category,1987,51877000000
TOA,current,non.pay,tbl.6.02.TOA.by.Pay.Category,1987,122254000000
TOA,current,non.pay,tbl.6.02.TOA.by.Pay.Category,1987,0
TOA,constant,pay,tbl.6.02.TOA.by.Pay.Category,1987,90015000000
TOA,constant,pay,tbl.6.02.TOA.by.Pay.Category,1987,139606000000
TOA,constant,pay,tbl.6.02.TOA.by.Pay.Category,1987,41123000000
TOA,constant,non.pay,tbl.6.02.TOA.by.Pay.Category,1987,0
TOA,constant,non.pay,tbl.6.02.TOA.by.Pay.Category,1987,16912000000
TOA,constant,non.pay,tbl.6.02.TOA.by.Pay.Category,1987,113341000000
TOA,constant,non.pay,tbl.6.02.TOA.by.Pay.Category,1987,236781000000
TOA,constant,non.pay,tbl.6.02.TOA.by.Pay.Category,1987,0
TOA,current,pay,tbl.6.02.TOA.by.Pay.Category,1988,35851000000
TOA,current,pay,tbl.6.02.TOA.by.Pay.Category,1988,49494000000
TOA,current,pay,tbl.6.02.TOA.by.Pay.Category,1988,18265000000
TOA,current,non.pay,tbl.6.02.TOA.by.Pay.Category,1988,0
TOA,current,non.pay,tbl.6.02.TOA.by.Pay.Category,1988,8804000000
TOA,current,non.pay,tbl.6.02.TOA.by.Pay.Category,1988,52420000000
TOA,current,non.pay,tbl.6.02.TOA.by.Pay.Category,1988,122972000000
TOA,current,non.pay,tbl.6.02.TOA.by.Pay.Category,1988,0
TOA,constant,pay,tbl.6.02.TOA.by.Pay.Category,1988,89003000000
TOA,constant,pay,tbl.6.02.TOA.by.Pay.Category,1988,138016000000
TOA,constant,pay,tbl.6.02.TOA.by.Pay.Category,1988,40487000000
TOA,constant,non.pay,tbl.6.02.TOA.by.Pay.Category,1988,0
TOA,constant,non.pay,tbl.6.02.TOA.by.Pay.Category,1988,16893000000
TOA,constant,non.pay,tbl.6.02.TOA.by.Pay.Category,1988,112381000000
TOA,constant,non.pay,tbl.6.02.TOA.by.Pay.Category,1988,229586000000
TOA,constant,non.pay,tbl.6.02.TOA.by.Pay.Category,1988,0
TOA,current,pay,tbl.6.02.TOA.by.Pay.Category,1989,37612000000
TOA,current,pay,tbl.6.02.TOA.by.Pay.Category,1989,50920000000
TOA,current,pay,tbl.6.02.TOA.by.Pay.Category,1989,18466000000
TOA,current,non.pay,tbl.6.02.TOA.by.Pay.Category,1989,0
TOA,current,non.pay,tbl.6.02.TOA.by.Pay.Category,1989,9062000000
TOA,current,non.pay,tbl.6.02.TOA.by.Pay.Category,1989,54750000000
TOA,current,non.pay,tbl.6.02.TOA.by.Pay.Category,1989,120730000000
TOA,current,non.pay,tbl.6.02.TOA.by.Pay.Category,1989,0
TOA,constant,pay,tbl.6.02.TOA.by.Pay.Category,1989,87865000000
TOA,constant,pay,tbl.6.02.TOA.by.Pay.Category,1989,137035000000
TOA,constant,pay,tbl.6.02.TOA.by.Pay.Category,1989,40145000000
TOA,constant,non.pay,tbl.6.02.TOA.by.Pay.Category,1989,0
TOA,constant,non.pay,tbl.6.02.TOA.by.Pay.Category,1989,16688000000
TOA,constant,non.pay,tbl.6.02.TOA.by.Pay.Category,1989,113652000000
TOA,constant,non.pay,tbl.6.02.TOA.by.Pay.Category,1989,217322000000
TOA,constant,non.pay,tbl.6.02.TOA.by.Pay.Category,1989,0
TOA,current,pay,tbl.6.02.TOA.by.Pay.Category,1990,39806000000
TOA,current,pay,tbl.6.02.TOA.by.Pay.Category,1990,52844000000
TOA,current,pay,tbl.6.02.TOA.by.Pay.Category,1990,16248000000
TOA,current,non.pay,tbl.6.02.TOA.by.Pay.Category,1990,0
TOA,current,non.pay,tbl.6.02.TOA.by.Pay.Category,1990,9773000000
TOA,current,non.pay,tbl.6.02.TOA.by.Pay.Category,1990,54178000000
TOA,current,non.pay,tbl.6.02.TOA.by.Pay.Category,1990,118507000000
TOA,current,non.pay,tbl.6.02.TOA.by.Pay.Category,1990,0
TOA,constant,pay,tbl.6.02.TOA.by.Pay.Category,1990,88637000000
TOA,constant,pay,tbl.6.02.TOA.by.Pay.Category,1990,134848000000
TOA,constant,pay,tbl.6.02.TOA.by.Pay.Category,1990,39632000000
TOA,constant,non.pay,tbl.6.02.TOA.by.Pay.Category,1990,0
TOA,constant,non.pay,tbl.6.02.TOA.by.Pay.Category,1990,17291000000
TOA,constant,non.pay,tbl.6.02.TOA.by.Pay.Category,1990,109817000000
TOA,constant,non.pay,tbl.6.02.TOA.by.Pay.Category,1990,206242000000
TOA,constant,non.pay,tbl.6.02.TOA.by.Pay.Category,1990,0
TOA,current,pay,tbl.6.02.TOA.by.Pay.Category,1991,41139000000
TOA,current,pay,tbl.6.02.TOA.by.Pay.Category,1991,53520000000
TOA,current,pay,tbl.6.02.TOA.by.Pay.Category,1991,17201000000
TOA,current,non.pay,tbl.6.02.TOA.by.Pay.Category,1991,0
TOA,current,non.pay,tbl.6.02.TOA.by.Pay.Category,1991,13254000000
TOA,current,non.pay,tbl.6.02.TOA.by.Pay.Category,1991,76082000000
TOA,current,non.pay,tbl.6.02.TOA.by.Pay.Category,1991,109425000000
TOA,current,non.pay,tbl.6.02.TOA.by.Pay.Category,1991,0
TOA,constant,pay,tbl.6.02.TOA.by.Pay.Category,1991,88106000000
TOA,constant,pay,tbl.6.02.TOA.by.Pay.Category,1991,130282000000
TOA,constant,pay,tbl.6.02.TOA.by.Pay.Category,1991,40675000000
TOA,constant,non.pay,tbl.6.02.TOA.by.Pay.Category,1991,0
TOA,constant,non.pay,tbl.6.02.TOA.by.Pay.Category,1991,22549000000
TOA,constant,non.pay,tbl.6.02.TOA.by.Pay.Category,1991,137354000000
TOA,constant,non.pay,tbl.6.02.TOA.by.Pay.Category,1991,185060000000
TOA,constant,non.pay,tbl.6.02.TOA.by.Pay.Category,1991,0
TOA,current,pay,tbl.6.02.TOA.by.Pay.Category,1992,41779000000
TOA,current,pay,tbl.6.02.TOA.by.Pay.Category,1992,54084000000
TOA,current,pay,tbl.6.02.TOA.by.Pay.Category,1992,15913000000
TOA,current,non.pay,tbl.6.02.TOA.by.Pay.Category,1992,0
TOA,current,non.pay,tbl.6.02.TOA.by.Pay.Category,1992,11058000000
TOA,current,non.pay,tbl.6.02.TOA.by.Pay.Category,1992,59490000000
TOA,current,non.pay,tbl.6.02.TOA.by.Pay.Category,1992,102871000000
TOA,current,non.pay,tbl.6.02.TOA.by.Pay.Category,1992,0
TOA,constant,pay,tbl.6.02.TOA.by.Pay.Category,1992,85893000000
TOA,constant,pay,tbl.6.02.TOA.by.Pay.Category,1992,127212000000
TOA,constant,pay,tbl.6.02.TOA.by.Pay.Category,1992,37013000000
TOA,constant,non.pay,tbl.6.02.TOA.by.Pay.Category,1992,0
TOA,constant,non.pay,tbl.6.02.TOA.by.Pay.Category,1992,18291000000
TOA,constant,non.pay,tbl.6.02.TOA.by.Pay.Category,1992,108441000000
TOA,constant,non.pay,tbl.6.02.TOA.by.Pay.Category,1992,170137000000
TOA,constant,non.pay,tbl.6.02.TOA.by.Pay.Category,1992,0
TOA,current,pay,tbl.6.02.TOA.by.Pay.Category,1993,44168000000
TOA,current,pay,tbl.6.02.TOA.by.Pay.Category,1993,52377000000
TOA,current,pay,tbl.6.02.TOA.by.Pay.Category,1993,13029000000
TOA,current,non.pay,tbl.6.02.TOA.by.Pay.Category,1993,0
TOA,current,non.pay,tbl.6.02.TOA.by.Pay.Category,1993,10577000000
TOA,current,non.pay,tbl.6.02.TOA.by.Pay.Category,1993,57458000000
TOA,current,non.pay,tbl.6.02.TOA.by.Pay.Category,1993,92047000000
TOA,current,non.pay,tbl.6.02.TOA.by.Pay.Category,1993,0
TOA,constant,pay,tbl.6.02.TOA.by.Pay.Category,1993,87459000000
TOA,constant,pay,tbl.6.02.TOA.by.Pay.Category,1993,117427000000
TOA,constant,pay,tbl.6.02.TOA.by.Pay.Category,1993,29210000000
TOA,constant,non.pay,tbl.6.02.TOA.by.Pay.Category,1993,0
TOA,constant,non.pay,tbl.6.02.TOA.by.Pay.Category,1993,17101000000
TOA,constant,non.pay,tbl.6.02.TOA.by.Pay.Category,1993,114886000000
TOA,constant,non.pay,tbl.6.02.TOA.by.Pay.Category,1993,149249000000
TOA,constant,non.pay,tbl.6.02.TOA.by.Pay.Category,1993,0
TOA,current,pay,tbl.6.02.TOA.by.Pay.Category,1994,43580000000
TOA,current,pay,tbl.6.02.TOA.by.Pay.Category,1994,49235000000
TOA,current,pay,tbl.6.02.TOA.by.Pay.Category,1994,12277000000
TOA,current,non.pay,tbl.6.02.TOA.by.Pay.Category,1994,0
TOA,current,non.pay,tbl.6.02.TOA.by.Pay.Category,1994,9780000000
TOA,current,non.pay,tbl.6.02.TOA.by.Pay.Category,1994,54574000000
TOA,current,non.pay,tbl.6.02.TOA.by.Pay.Category,1994,81893000000
TOA,current,non.pay,tbl.6.02.TOA.by.Pay.Category,1994,0
TOA,constant,pay,tbl.6.02.TOA.by.Pay.Category,1994,84161000000
TOA,constant,pay,tbl.6.02.TOA.by.Pay.Category,1994,107613000000
TOA,constant,pay,tbl.6.02.TOA.by.Pay.Category,1994,26834000000
TOA,constant,non.pay,tbl.6.02.TOA.by.Pay.Category,1994,0
TOA,constant,non.pay,tbl.6.02.TOA.by.Pay.Category,1994,15504000000
TOA,constant,non.pay,tbl.6.02.TOA.by.Pay.Category,1994,106872000000
TOA,constant,non.pay,tbl.6.02.TOA.by.Pay.Category,1994,130399000000
TOA,constant,non.pay,tbl.6.02.TOA.by.Pay.Category,1994,0
TOA,current,pay,tbl.6.02.TOA.by.Pay.Category,1995,43559000000
TOA,current,pay,tbl.6.02.TOA.by.Pay.Category,1995,49400000000
TOA,current,pay,tbl.6.02.TOA.by.Pay.Category,1995,12123000000
TOA,current,non.pay,tbl.6.02.TOA.by.Pay.Category,1995,0
TOA,current,non.pay,tbl.6.02.TOA.by.Pay.Category,1995,9950000000
TOA,current,non.pay,tbl.6.02.TOA.by.Pay.Category,1995,58615000000
TOA,current,non.pay,tbl.6.02.TOA.by.Pay.Category,1995,80569000000
TOA,current,non.pay,tbl.6.02.TOA.by.Pay.Category,1995,0
TOA,constant,pay,tbl.6.02.TOA.by.Pay.Category,1995,82094000000
TOA,constant,pay,tbl.6.02.TOA.by.Pay.Category,1995,105340000000
TOA,constant,pay,tbl.6.02.TOA.by.Pay.Category,1995,25851000000
TOA,constant,non.pay,tbl.6.02.TOA.by.Pay.Category,1995,0
TOA,constant,non.pay,tbl.6.02.TOA.by.Pay.Category,1995,15477000000
TOA,constant,non.pay,tbl.6.02.TOA.by.Pay.Category,1995,111892000000
TOA,constant,non.pay,tbl.6.02.TOA.by.Pay.Category,1995,126093000000
TOA,constant,non.pay,tbl.6.02.TOA.by.Pay.Category,1995,0
TOA,current,pay,tbl.6.02.TOA.by.Pay.Category,1996,43031000000
TOA,current,pay,tbl.6.02.TOA.by.Pay.Category,1996,49238000000
TOA,current,pay,tbl.6.02.TOA.by.Pay.Category,1996,11153000000
TOA,current,non.pay,tbl.6.02.TOA.by.Pay.Category,1996,0
TOA,current,non.pay,tbl.6.02.TOA.by.Pay.Category,1996,9308000000
TOA,current,non.pay,tbl.6.02.TOA.by.Pay.Category,1996,59039000000
TOA,current,non.pay,tbl.6.02.TOA.by.Pay.Category,1996,83283000000
TOA,current,non.pay,tbl.6.02.TOA.by.Pay.Category,1996,0
TOA,constant,pay,tbl.6.02.TOA.by.Pay.Category,1996,79199000000
TOA,constant,pay,tbl.6.02.TOA.by.Pay.Category,1996,102533000000
TOA,constant,pay,tbl.6.02.TOA.by.Pay.Category,1996,23225000000
TOA,constant,non.pay,tbl.6.02.TOA.by.Pay.Category,1996,0
TOA,constant,non.pay,tbl.6.02.TOA.by.Pay.Category,1996,14207000000
TOA,constant,non.pay,tbl.6.02.TOA.by.Pay.Category,1996,109774000000
TOA,constant,non.pay,tbl.6.02.TOA.by.Pay.Category,1996,128372000000
TOA,constant,non.pay,tbl.6.02.TOA.by.Pay.Category,1996,0
TOA,current,pay,tbl.6.02.TOA.by.Pay.Category,1997,42740000000
TOA,current,pay,tbl.6.02.TOA.by.Pay.Category,1997,49146000000
TOA,current,pay,tbl.6.02.TOA.by.Pay.Category,1997,11070000000
TOA,current,non.pay,tbl.6.02.TOA.by.Pay.Category,1997,0
TOA,current,non.pay,tbl.6.02.TOA.by.Pay.Category,1997,9971000000
TOA,current,non.pay,tbl.6.02.TOA.by.Pay.Category,1997,58193000000
TOA,current,non.pay,tbl.6.02.TOA.by.Pay.Category,1997,83066000000
TOA,current,non.pay,tbl.6.02.TOA.by.Pay.Category,1997,0
TOA,constant,pay,tbl.6.02.TOA.by.Pay.Category,1997,76372000000
TOA,constant,pay,tbl.6.02.TOA.by.Pay.Category,1997,99361000000
TOA,constant,pay,tbl.6.02.TOA.by.Pay.Category,1997,22382000000
TOA,constant,non.pay,tbl.6.02.TOA.by.Pay.Category,1997,0
TOA,constant,non.pay,tbl.6.02.TOA.by.Pay.Category,1997,14983000000
TOA,constant,non.pay,tbl.6.02.TOA.by.Pay.Category,1997,106104000000
TOA,constant,non.pay,tbl.6.02.TOA.by.Pay.Category,1997,126555000000
TOA,constant,non.pay,tbl.6.02.TOA.by.Pay.Category,1997,0
TOA,current,pay,tbl.6.02.TOA.by.Pay.Category,1998,41255000000
TOA,current,pay,tbl.6.02.TOA.by.Pay.Category,1998,44007000000
TOA,current,pay,tbl.6.02.TOA.by.Pay.Category,1998,10380000000
TOA,current,non.pay,tbl.6.02.TOA.by.Pay.Category,1998,0
TOA,current,non.pay,tbl.6.02.TOA.by.Pay.Category,1998,15300000000
TOA,current,non.pay,tbl.6.02.TOA.by.Pay.Category,1998,62996000000
TOA,current,non.pay,tbl.6.02.TOA.by.Pay.Category,1998,85186000000
TOA,current,non.pay,tbl.6.02.TOA.by.Pay.Category,1998,0
TOA,constant,pay,tbl.6.02.TOA.by.Pay.Category,1998,71710000000
TOA,constant,pay,tbl.6.02.TOA.by.Pay.Category,1998,86548000000
TOA,constant,pay,tbl.6.02.TOA.by.Pay.Category,1998,20414000000
TOA,constant,non.pay,tbl.6.02.TOA.by.Pay.Category,1998,0
TOA,constant,non.pay,tbl.6.02.TOA.by.Pay.Category,1998,22820000000
TOA,constant,non.pay,tbl.6.02.TOA.by.Pay.Category,1998,110880000000
TOA,constant,non.pay,tbl.6.02.TOA.by.Pay.Category,1998,128440000000
TOA,constant,non.pay,tbl.6.02.TOA.by.Pay.Category,1998,0
TOA,current,pay,tbl.6.02.TOA.by.Pay.Category,1999,41226000000
TOA,current,pay,tbl.6.02.TOA.by.Pay.Category,1999,44722000000
TOA,current,pay,tbl.6.02.TOA.by.Pay.Category,1999,10454000000
TOA,current,non.pay,tbl.6.02.TOA.by.Pay.Category,1999,0
TOA,current,non.pay,tbl.6.02.TOA.by.Pay.Category,1999,15554000000
TOA,current,non.pay,tbl.6.02.TOA.by.Pay.Category,1999,69833000000
TOA,current,non.pay,tbl.6.02.TOA.by.Pay.Category,1999,90939000000
TOA,current,non.pay,tbl.6.02.TOA.by.Pay.Category,1999,0
TOA,constant,pay,tbl.6.02.TOA.by.Pay.Category,1999,69170000000
TOA,constant,pay,tbl.6.02.TOA.by.Pay.Category,1999,84899000000
TOA,constant,pay,tbl.6.02.TOA.by.Pay.Category,1999,19846000000
TOA,constant,non.pay,tbl.6.02.TOA.by.Pay.Category,1999,0
TOA,constant,non.pay,tbl.6.02.TOA.by.Pay.Category,1999,22982000000
TOA,constant,non.pay,tbl.6.02.TOA.by.Pay.Category,1999,120460000000
TOA,constant,non.pay,tbl.6.02.TOA.by.Pay.Category,1999,135320000000
TOA,constant,non.pay,tbl.6.02.TOA.by.Pay.Category,1999,0
TOA,current,pay,tbl.6.02.TOA.by.Pay.Category,2000,41932000000
TOA,current,pay,tbl.6.02.TOA.by.Pay.Category,2000,43585000000
TOA,current,pay,tbl.6.02.TOA.by.Pay.Category,2000,11366000000
TOA,current,non.pay,tbl.6.02.TOA.by.Pay.Category,2000,0
TOA,current,non.pay,tbl.6.02.TOA.by.Pay.Category,2000,18587000000
TOA,current,non.pay,tbl.6.02.TOA.by.Pay.Category,2000,74740000000
TOA,current,non.pay,tbl.6.02.TOA.by.Pay.Category,2000,96748000000
TOA,current,non.pay,tbl.6.02.TOA.by.Pay.Category,2000,0
TOA,constant,pay,tbl.6.02.TOA.by.Pay.Category,2000,67132000000
TOA,constant,pay,tbl.6.02.TOA.by.Pay.Category,2000,78950000000
TOA,constant,pay,tbl.6.02.TOA.by.Pay.Category,2000,20589000000
TOA,constant,non.pay,tbl.6.02.TOA.by.Pay.Category,2000,0
TOA,constant,non.pay,tbl.6.02.TOA.by.Pay.Category,2000,27069000000
TOA,constant,non.pay,tbl.6.02.TOA.by.Pay.Category,2000,128410000000
TOA,constant,non.pay,tbl.6.02.TOA.by.Pay.Category,2000,141839000000
TOA,constant,non.pay,tbl.6.02.TOA.by.Pay.Category,2000,0
TOA,current,pay,tbl.6.02.TOA.by.Pay.Category,2001,43241000000
TOA,current,pay,tbl.6.02.TOA.by.Pay.Category,2001,45619000000
TOA,current,pay,tbl.6.02.TOA.by.Pay.Category,2001,11308000000
TOA,current,non.pay,tbl.6.02.TOA.by.Pay.Category,2001,0
TOA,current,non.pay,tbl.6.02.TOA.by.Pay.Category,2001,20324000000
TOA,current,non.pay,tbl.6.02.TOA.by.Pay.Category,2001,89186000000
TOA,current,non.pay,tbl.6.02.TOA.by.Pay.Category,2001,106862000000
TOA,current,non.pay,tbl.6.02.TOA.by.Pay.Category,2001,0
TOA,constant,pay,tbl.6.02.TOA.by.Pay.Category,2001,66758000000
TOA,constant,pay,tbl.6.02.TOA.by.Pay.Category,2001,79686000000
TOA,constant,pay,tbl.6.02.TOA.by.Pay.Category,2001,19752000000
TOA,constant,non.pay,tbl.6.02.TOA.by.Pay.Category,2001,0
TOA,constant,non.pay,tbl.6.02.TOA.by.Pay.Category,2001,29110000000
TOA,constant,non.pay,tbl.6.02.TOA.by.Pay.Category,2001,145205000000
TOA,constant,non.pay,tbl.6.02.TOA.by.Pay.Category,2001,154376000000
TOA,constant,non.pay,tbl.6.02.TOA.by.Pay.Category,2001,0
TOA,current,pay,tbl.6.02.TOA.by.Pay.Category,2002,45864000000
TOA,current,pay,tbl.6.02.TOA.by.Pay.Category,2002,48698000000
TOA,current,pay,tbl.6.02.TOA.by.Pay.Category,2002,13355000000
TOA,current,non.pay,tbl.6.02.TOA.by.Pay.Category,2002,0
TOA,current,non.pay,tbl.6.02.TOA.by.Pay.Category,2002,25093000000
TOA,current,non.pay,tbl.6.02.TOA.by.Pay.Category,2002,106825000000
TOA,current,non.pay,tbl.6.02.TOA.by.Pay.Category,2002,115543000000
TOA,current,non.pay,tbl.6.02.TOA.by.Pay.Category,2002,0
TOA,constant,pay,tbl.6.02.TOA.by.Pay.Category,2002,67693000000
TOA,constant,pay,tbl.6.02.TOA.by.Pay.Category,2002,79573000000
TOA,constant,pay,tbl.6.02.TOA.by.Pay.Category,2002,21822000000
TOA,constant,non.pay,tbl.6.02.TOA.by.Pay.Category,2002,0
TOA,constant,non.pay,tbl.6.02.TOA.by.Pay.Category,2002,35626000000
TOA,constant,non.pay,tbl.6.02.TOA.by.Pay.Category,2002,171912000000
TOA,constant,non.pay,tbl.6.02.TOA.by.Pay.Category,2002,164416000000
TOA,constant,non.pay,tbl.6.02.TOA.by.Pay.Category,2002,0
TOA,current,pay,tbl.6.02.TOA.by.Pay.Category,2003,47346000000
TOA,current,pay,tbl.6.02.TOA.by.Pay.Category,2003,51144000000
TOA,current,pay,tbl.6.02.TOA.by.Pay.Category,2003,13507000000
TOA,current,non.pay,tbl.6.02.TOA.by.Pay.Category,2003,7695000000
TOA,current,non.pay,tbl.6.02.TOA.by.Pay.Category,2003,36715000000
TOA,current,non.pay,tbl.6.02.TOA.by.Pay.Category,2003,135263000000
TOA,current,non.pay,tbl.6.02.TOA.by.Pay.Category,2003,141353000000
TOA,current,non.pay,tbl.6.02.TOA.by.Pay.Category,2003,0
TOA,constant,pay,tbl.6.02.TOA.by.Pay.Category,2003,67129000000
TOA,constant,pay,tbl.6.02.TOA.by.Pay.Category,2003,79819000000
TOA,constant,pay,tbl.6.02.TOA.by.Pay.Category,2003,21079000000
TOA,constant,non.pay,tbl.6.02.TOA.by.Pay.Category,2003,13919000000
TOA,constant,non.pay,tbl.6.02.TOA.by.Pay.Category,2003,51488000000
TOA,constant,non.pay,tbl.6.02.TOA.by.Pay.Category,2003,208584000000
TOA,constant,non.pay,tbl.6.02.TOA.by.Pay.Category,2003,197191000000
TOA,constant,non.pay,tbl.6.02.TOA.by.Pay.Category,2003,0
TOA,current,pay,tbl.6.02.TOA.by.Pay.Category,2004,50305000000
TOA,current,pay,tbl.6.02.TOA.by.Pay.Category,2004,62348000000
TOA,current,pay,tbl.6.02.TOA.by.Pay.Category,2004,14096000000
TOA,current,non.pay,tbl.6.02.TOA.by.Pay.Category,2004,8307000000
TOA,current,non.pay,tbl.6.02.TOA.by.Pay.Category,2004,30798000000
TOA,current,non.pay,tbl.6.02.TOA.by.Pay.Category,2004,138654000000
TOA,current,non.pay,tbl.6.02.TOA.by.Pay.Category,2004,151544000000
TOA,current,non.pay,tbl.6.02.TOA.by.Pay.Category,2004,0
TOA,constant,pay,tbl.6.02.TOA.by.Pay.Category,2004,68515000000
TOA,constant,pay,tbl.6.02.TOA.by.Pay.Category,2004,93427000000
TOA,constant,pay,tbl.6.02.TOA.by.Pay.Category,2004,21123000000
TOA,constant,non.pay,tbl.6.02.TOA.by.Pay.Category,2004,14420000000
TOA,constant,non.pay,tbl.6.02.TOA.by.Pay.Category,2004,42269000000
TOA,constant,non.pay,tbl.6.02.TOA.by.Pay.Category,2004,207123000000
TOA,constant,non.pay,tbl.6.02.TOA.by.Pay.Category,2004,206196000000
TOA,constant,non.pay,tbl.6.02.TOA.by.Pay.Category,2004,0
TOA,current,pay,tbl.6.02.TOA.by.Pay.Category,2005,53535000000
TOA,current,pay,tbl.6.02.TOA.by.Pay.Category,2005,63039000000
TOA,current,pay,tbl.6.02.TOA.by.Pay.Category,2005,14592000000
TOA,current,non.pay,tbl.6.02.TOA.by.Pay.Category,2005,10065000000
TOA,current,non.pay,tbl.6.02.TOA.by.Pay.Category,2005,33616000000
TOA,current,non.pay,tbl.6.02.TOA.by.Pay.Category,2005,154977000000
TOA,current,non.pay,tbl.6.02.TOA.by.Pay.Category,2005,172653000000
TOA,current,non.pay,tbl.6.02.TOA.by.Pay.Category,2005,0
TOA,constant,pay,tbl.6.02.TOA.by.Pay.Category,2005,70449000000
TOA,constant,pay,tbl.6.02.TOA.by.Pay.Category,2005,91268000000
TOA,constant,pay,tbl.6.02.TOA.by.Pay.Category,2005,21126000000
TOA,constant,non.pay,tbl.6.02.TOA.by.Pay.Category,2005,16767000000
TOA,constant,non.pay,tbl.6.02.TOA.by.Pay.Category,2005,44859000000
TOA,constant,non.pay,tbl.6.02.TOA.by.Pay.Category,2005,216772000000
TOA,constant,non.pay,tbl.6.02.TOA.by.Pay.Category,2005,228660000000
TOA,constant,non.pay,tbl.6.02.TOA.by.Pay.Category,2005,0
TOA,current,pay,tbl.6.02.TOA.by.Pay.Category,2006,57222000000
TOA,current,pay,tbl.6.02.TOA.by.Pay.Category,2006,64603000000
TOA,current,pay,tbl.6.02.TOA.by.Pay.Category,2006,14211000000
TOA,current,non.pay,tbl.6.02.TOA.by.Pay.Category,2006,10135000000
TOA,current,non.pay,tbl.6.02.TOA.by.Pay.Category,2006,37715000000
TOA,current,non.pay,tbl.6.02.TOA.by.Pay.Category,2006,167868000000
TOA,current,non.pay,tbl.6.02.TOA.by.Pay.Category,2006,184517000000
TOA,current,non.pay,tbl.6.02.TOA.by.Pay.Category,2006,0
TOA,constant,pay,tbl.6.02.TOA.by.Pay.Category,2006,73036000000
TOA,constant,pay,tbl.6.02.TOA.by.Pay.Category,2006,90721000000
TOA,constant,pay,tbl.6.02.TOA.by.Pay.Category,2006,19957000000
TOA,constant,non.pay,tbl.6.02.TOA.by.Pay.Category,2006,16219000000
TOA,constant,non.pay,tbl.6.02.TOA.by.Pay.Category,2006,48862000000
TOA,constant,non.pay,tbl.6.02.TOA.by.Pay.Category,2006,226185000000
TOA,constant,non.pay,tbl.6.02.TOA.by.Pay.Category,2006,238429000000
TOA,constant,non.pay,tbl.6.02.TOA.by.Pay.Category,2006,0
TOA,current,pay,tbl.6.02.TOA.by.Pay.Category,2007,58148000000
TOA,current,pay,tbl.6.02.TOA.by.Pay.Category,2007,65634000000
TOA,current,pay,tbl.6.02.TOA.by.Pay.Category,2007,15261000000
TOA,current,non.pay,tbl.6.02.TOA.by.Pay.Category,2007,11231000000
TOA,current,non.pay,tbl.6.02.TOA.by.Pay.Category,2007,38162000000
TOA,current,non.pay,tbl.6.02.TOA.by.Pay.Category,2007,192814000000
TOA,current,non.pay,tbl.6.02.TOA.by.Pay.Category,2007,222623000000
TOA,current,non.pay,tbl.6.02.TOA.by.Pay.Category,2007,0
TOA,constant,pay,tbl.6.02.TOA.by.Pay.Category,2007,72620000000
TOA,constant,pay,tbl.6.02.TOA.by.Pay.Category,2007,89745000000
TOA,constant,pay,tbl.6.02.TOA.by.Pay.Category,2007,20867000000
TOA,constant,non.pay,tbl.6.02.TOA.by.Pay.Category,2007,17264000000
TOA,constant,non.pay,tbl.6.02.TOA.by.Pay.Category,2007,48189000000
TOA,constant,non.pay,tbl.6.02.TOA.by.Pay.Category,2007,252284000000
TOA,constant,non.pay,tbl.6.02.TOA.by.Pay.Category,2007,281806000000
TOA,constant,non.pay,tbl.6.02.TOA.by.Pay.Category,2007,0
TOA,current,pay,tbl.6.02.TOA.by.Pay.Category,2008,61296000000
TOA,current,pay,tbl.6.02.TOA.by.Pay.Category,2008,69043000000
TOA,current,pay,tbl.6.02.TOA.by.Pay.Category,2008,16106000000
TOA,current,non.pay,tbl.6.02.TOA.by.Pay.Category,2008,11185000000
TOA,current,non.pay,tbl.6.02.TOA.by.Pay.Category,2008,40666000000
TOA,current,non.pay,tbl.6.02.TOA.by.Pay.Category,2008,211888000000
TOA,current,non.pay,tbl.6.02.TOA.by.Pay.Category,2008,259096000000
TOA,current,non.pay,tbl.6.02.TOA.by.Pay.Category,2008,0
TOA,constant,pay,tbl.6.02.TOA.by.Pay.Category,2008,73963000000
TOA,constant,pay,tbl.6.02.TOA.by.Pay.Category,2008,91214000000
TOA,constant,pay,tbl.6.02.TOA.by.Pay.Category,2008,21278000000
TOA,constant,non.pay,tbl.6.02.TOA.by.Pay.Category,2008,16486000000
TOA,constant,non.pay,tbl.6.02.TOA.by.Pay.Category,2008,50255000000
TOA,constant,non.pay,tbl.6.02.TOA.by.Pay.Category,2008,267298000000
TOA,constant,non.pay,tbl.6.02.TOA.by.Pay.Category,2008,322796000000
TOA,constant,non.pay,tbl.6.02.TOA.by.Pay.Category,2008,0
TOA,current,pay,tbl.6.02.TOA.by.Pay.Category,2009,66424000000
TOA,current,pay,tbl.6.02.TOA.by.Pay.Category,2009,71549000000
TOA,current,pay,tbl.6.02.TOA.by.Pay.Category,2009,17493000000
TOA,current,non.pay,tbl.6.02.TOA.by.Pay.Category,2009,10351000000
TOA,current,non.pay,tbl.6.02.TOA.by.Pay.Category,2009,45790000000
TOA,current,non.pay,tbl.6.02.TOA.by.Pay.Category,2009,219090000000
TOA,current,non.pay,tbl.6.02.TOA.by.Pay.Category,2009,235164000000
TOA,current,non.pay,tbl.6.02.TOA.by.Pay.Category,2009,0
TOA,constant,pay,tbl.6.02.TOA.by.Pay.Category,2009,77142000000
TOA,constant,pay,tbl.6.02.TOA.by.Pay.Category,2009,90977000000
TOA,constant,pay,tbl.6.02.TOA.by.Pay.Category,2009,22242000000
TOA,constant,non.pay,tbl.6.02.TOA.by.Pay.Category,2009,14811000000
TOA,constant,non.pay,tbl.6.02.TOA.by.Pay.Category,2009,55805000000
TOA,constant,non.pay,tbl.6.02.TOA.by.Pay.Category,2009,276170000000
TOA,constant,non.pay,tbl.6.02.TOA.by.Pay.Category,2009,288959000000
TOA,constant,non.pay,tbl.6.02.TOA.by.Pay.Category,2009,0
TOA,current,pay,tbl.6.02.TOA.by.Pay.Category,2010,67753000000
TOA,current,pay,tbl.6.02.TOA.by.Pay.Category,2010,74827000000
TOA,current,pay,tbl.6.02.TOA.by.Pay.Category,2010,20307000000
TOA,current,non.pay,tbl.6.02.TOA.by.Pay.Category,2010,8960000000
TOA,current,non.pay,tbl.6.02.TOA.by.Pay.Category,2010,48904000000
TOA,current,non.pay,tbl.6.02.TOA.by.Pay.Category,2010,237181000000
TOA,current,non.pay,tbl.6.02.TOA.by.Pay.Category,2010,233860000000
TOA,current,non.pay,tbl.6.02.TOA.by.Pay.Category,2010,0
TOA,constant,pay,tbl.6.02.TOA.by.Pay.Category,2010,77143000000
TOA,constant,pay,tbl.6.02.TOA.by.Pay.Category,2010,92016000000
TOA,constant,pay,tbl.6.02.TOA.by.Pay.Category,2010,24972000000
TOA,constant,non.pay,tbl.6.02.TOA.by.Pay.Category,2010,12387000000
TOA,constant,non.pay,tbl.6.02.TOA.by.Pay.Category,2010,58984000000
TOA,constant,non.pay,tbl.6.02.TOA.by.Pay.Category,2010,290705000000
TOA,constant,non.pay,tbl.6.02.TOA.by.Pay.Category,2010,282988000000
TOA,constant,non.pay,tbl.6.02.TOA.by.Pay.Category,2010,0
TOA,current,pay,tbl.6.02.TOA.by.Pay.Category,2011,70977000000
TOA,current,pay,tbl.6.02.TOA.by.Pay.Category,2011,75280000000
TOA,current,pay,tbl.6.02.TOA.by.Pay.Category,2011,20796000000
TOA,current,non.pay,tbl.6.02.TOA.by.Pay.Category,2011,11010000000
TOA,current,non.pay,tbl.6.02.TOA.by.Pay.Category,2011,46541000000
TOA,current,non.pay,tbl.6.02.TOA.by.Pay.Category,2011,248312000000
TOA,current,non.pay,tbl.6.02.TOA.by.Pay.Category,2011,216175000000
TOA,current,non.pay,tbl.6.02.TOA.by.Pay.Category,2011,0
TOA,constant,pay,tbl.6.02.TOA.by.Pay.Category,2011,80814000000
TOA,constant,pay,tbl.6.02.TOA.by.Pay.Category,2011,91295000000
TOA,constant,pay,tbl.6.02.TOA.by.Pay.Category,2011,25220000000
TOA,constant,non.pay,tbl.6.02.TOA.by.Pay.Category,2011,14779000000
TOA,constant,non.pay,tbl.6.02.TOA.by.Pay.Category,2011,55064000000
TOA,constant,non.pay,tbl.6.02.TOA.by.Pay.Category,2011,295905000000
TOA,constant,non.pay,tbl.6.02.TOA.by.Pay.Category,2011,257172000000
TOA,constant,non.pay,tbl.6.02.TOA.by.Pay.Category,2011,0
TOA,current,pay,tbl.6.02.TOA.by.Pay.Category,2012,72612000000
TOA,current,pay,tbl.6.02.TOA.by.Pay.Category,2012,75688000000
TOA,current,pay,tbl.6.02.TOA.by.Pay.Category,2012,21776000000
TOA,current,non.pay,tbl.6.02.TOA.by.Pay.Category,2012,10845000000
TOA,current,non.pay,tbl.6.02.TOA.by.Pay.Category,2012,44315000000
TOA,current,non.pay,tbl.6.02.TOA.by.Pay.Category,2012,230746000000
TOA,current,non.pay,tbl.6.02.TOA.by.Pay.Category,2012,196307000000
TOA,current,non.pay,tbl.6.02.TOA.by.Pay.Category,2012,0
TOA,constant,pay,tbl.6.02.TOA.by.Pay.Category,2012,82675000000
TOA,constant,pay,tbl.6.02.TOA.by.Pay.Category,2012,90344000000
TOA,constant,pay,tbl.6.02.TOA.by.Pay.Category,2012,25992000000
TOA,constant,non.pay,tbl.6.02.TOA.by.Pay.Category,2012,14052000000
TOA,constant,non.pay,tbl.6.02.TOA.by.Pay.Category,2012,51535000000
TOA,constant,non.pay,tbl.6.02.TOA.by.Pay.Category,2012,269569000000
TOA,constant,non.pay,tbl.6.02.TOA.by.Pay.Category,2012,229941000000
TOA,constant,non.pay,tbl.6.02.TOA.by.Pay.Category,2012,0
TOA,current,pay,tbl.6.02.TOA.by.Pay.Category,2013,71919000000
TOA,current,pay,tbl.6.02.TOA.by.Pay.Category,2013,76266000000
TOA,current,pay,tbl.6.02.TOA.by.Pay.Category,2013,20408000000
TOA,current,non.pay,tbl.6.02.TOA.by.Pay.Category,2013,8297000000
TOA,current,non.pay,tbl.6.02.TOA.by.Pay.Category,2013,41267000000
TOA,current,non.pay,tbl.6.02.TOA.by.Pay.Category,2013,197344000000
TOA,current,non.pay,tbl.6.02.TOA.by.Pay.Category,2013,169891000000
TOA,current,non.pay,tbl.6.02.TOA.by.Pay.Category,2013,0
TOA,constant,pay,tbl.6.02.TOA.by.Pay.Category,2013,81886000000
TOA,constant,pay,tbl.6.02.TOA.by.Pay.Category,2013,89513000000
TOA,constant,pay,tbl.6.02.TOA.by.Pay.Category,2013,23953000000
TOA,constant,non.pay,tbl.6.02.TOA.by.Pay.Category,2013,10457000000
TOA,constant,non.pay,tbl.6.02.TOA.by.Pay.Category,2013,47290000000
TOA,constant,non.pay,tbl.6.02.TOA.by.Pay.Category,2013,225755000000
TOA,constant,non.pay,tbl.6.02.TOA.by.Pay.Category,2013,196192000000
TOA,constant,non.pay,tbl.6.02.TOA.by.Pay.Category,2013,0
TOA,current,pay,tbl.6.02.TOA.by.Pay.Category,2014,68730000000
TOA,current,pay,tbl.6.02.TOA.by.Pay.Category,2014,74320000000
TOA,current,pay,tbl.6.02.TOA.by.Pay.Category,2014,20339000000
TOA,current,non.pay,tbl.6.02.TOA.by.Pay.Category,2014,7436000000
TOA,current,non.pay,tbl.6.02.TOA.by.Pay.Category,2014,41511000000
TOA,current,non.pay,tbl.6.02.TOA.by.Pay.Category,2014,203441000000
TOA,current,non.pay,tbl.6.02.TOA.by.Pay.Category,2014,165412000000
TOA,current,non.pay,tbl.6.02.TOA.by.Pay.Category,2014,0
TOA,constant,pay,tbl.6.02.TOA.by.Pay.Category,2014,77711000000
TOA,constant,pay,tbl.6.02.TOA.by.Pay.Category,2014,86195000000
TOA,constant,pay,tbl.6.02.TOA.by.Pay.Category,2014,23588000000
TOA,constant,non.pay,tbl.6.02.TOA.by.Pay.Category,2014,9161000000
TOA,constant,non.pay,tbl.6.02.TOA.by.Pay.Category,2014,46903000000
TOA,constant,non.pay,tbl.6.02.TOA.by.Pay.Category,2014,230155000000
TOA,constant,non.pay,tbl.6.02.TOA.by.Pay.Category,2014,188379000000
TOA,constant,non.pay,tbl.6.02.TOA.by.Pay.Category,2014,0
TOA,current,pay,tbl.6.02.TOA.by.Pay.Category,2015,67819000000
TOA,current,pay,tbl.6.02.TOA.by.Pay.Category,2015,72478000000
TOA,current,pay,tbl.6.02.TOA.by.Pay.Category,2015,19653000000
TOA,current,non.pay,tbl.6.02.TOA.by.Pay.Category,2015,7023000000
TOA,current,non.pay,tbl.6.02.TOA.by.Pay.Category,2015,39874000000
TOA,current,non.pay,tbl.6.02.TOA.by.Pay.Category,2015,193066000000
TOA,current,non.pay,tbl.6.02.TOA.by.Pay.Category,2015,165491000000
TOA,current,non.pay,tbl.6.02.TOA.by.Pay.Category,2015,0
TOA,constant,pay,tbl.6.02.TOA.by.Pay.Category,2015,75922000000
TOA,constant,pay,tbl.6.02.TOA.by.Pay.Category,2015,83226000000
TOA,constant,pay,tbl.6.02.TOA.by.Pay.Category,2015,22567000000
TOA,constant,non.pay,tbl.6.02.TOA.by.Pay.Category,2015,8433000000
TOA,constant,non.pay,tbl.6.02.TOA.by.Pay.Category,2015,44543000000
TOA,constant,non.pay,tbl.6.02.TOA.by.Pay.Category,2015,216430000000
TOA,constant,non.pay,tbl.6.02.TOA.by.Pay.Category,2015,185764000000
TOA,constant,non.pay,tbl.6.02.TOA.by.Pay.Category,2015,0
TOA,current,pay,tbl.6.02.TOA.by.Pay.Category,2016,70190000000
TOA,current,pay,tbl.6.02.TOA.by.Pay.Category,2016,72513000000
TOA,current,pay,tbl.6.02.TOA.by.Pay.Category,2016,19322000000
TOA,current,non.pay,tbl.6.02.TOA.by.Pay.Category,2016,6629000000
TOA,current,non.pay,tbl.6.02.TOA.by.Pay.Category,2016,39840000000
TOA,current,non.pay,tbl.6.02.TOA.by.Pay.Category,2016,190283000000
TOA,current,non.pay,tbl.6.02.TOA.by.Pay.Category,2016,189201000000
TOA,current,non.pay,tbl.6.02.TOA.by.Pay.Category,2016,0
TOA,constant,pay,tbl.6.02.TOA.by.Pay.Category,2016,77644000000
TOA,constant,pay,tbl.6.02.TOA.by.Pay.Category,2016,82278000000
TOA,constant,pay,tbl.6.02.TOA.by.Pay.Category,2016,21925000000
TOA,constant,non.pay,tbl.6.02.TOA.by.Pay.Category,2016,7691000000
TOA,constant,non.pay,tbl.6.02.TOA.by.Pay.Category,2016,43924000000
TOA,constant,non.pay,tbl.6.02.TOA.by.Pay.Category,2016,213303000000
TOA,constant,non.pay,tbl.6.02.TOA.by.Pay.Category,2016,208815000000
TOA,constant,non.pay,tbl.6.02.TOA.by.Pay.Category,2016,0
TOA,current,pay,tbl.6.02.TOA.by.Pay.Category,2017,72146000000
TOA,current,pay,tbl.6.02.TOA.by.Pay.Category,2017,74137000000
TOA,current,pay,tbl.6.02.TOA.by.Pay.Category,2017,18166000000
TOA,current,non.pay,tbl.6.02.TOA.by.Pay.Category,2017,6961000000
TOA,current,non.pay,tbl.6.02.TOA.by.Pay.Category,2017,39764000000
TOA,current,non.pay,tbl.6.02.TOA.by.Pay.Category,2017,199375000000
TOA,current,non.pay,tbl.6.02.TOA.by.Pay.Category,2017,198738000000
TOA,current,non.pay,tbl.6.02.TOA.by.Pay.Category,2017,0
TOA,constant,pay,tbl.6.02.TOA.by.Pay.Category,2017,78320000000
TOA,constant,pay,tbl.6.02.TOA.by.Pay.Category,2017,82552000000
TOA,constant,pay,tbl.6.02.TOA.by.Pay.Category,2017,20228000000
TOA,constant,non.pay,tbl.6.02.TOA.by.Pay.Category,2017,7833000000
TOA,constant,non.pay,tbl.6.02.TOA.by.Pay.Category,2017,43069000000
TOA,constant,non.pay,tbl.6.02.TOA.by.Pay.Category,2017,218772000000
TOA,constant,non.pay,tbl.6.02.TOA.by.Pay.Category,2017,215108000000
TOA,constant,non.pay,tbl.6.02.TOA.by.Pay.Category,2017,0
TOA,current,pay,tbl.6.02.TOA.by.Pay.Category,2018,72992000000
TOA,current,pay,tbl.6.02.TOA.by.Pay.Category,2018,75582000000
TOA,current,pay,tbl.6.02.TOA.by.Pay.Category,2018,18271000000
TOA,current,non.pay,tbl.6.02.TOA.by.Pay.Category,2018,8147000000
TOA,current,non.pay,tbl.6.02.TOA.by.Pay.Category,2018,42152000000
TOA,current,non.pay,tbl.6.02.TOA.by.Pay.Category,2018,215783000000
TOA,current,non.pay,tbl.6.02.TOA.by.Pay.Category,2018,240034000000
TOA,current,non.pay,tbl.6.02.TOA.by.Pay.Category,2018,0
TOA,constant,pay,tbl.6.02.TOA.by.Pay.Category,2018,77685000000
TOA,constant,pay,tbl.6.02.TOA.by.Pay.Category,2018,82270000000
TOA,constant,pay,tbl.6.02.TOA.by.Pay.Category,2018,19888000000
TOA,constant,non.pay,tbl.6.02.TOA.by.Pay.Category,2018,8997000000
TOA,constant,non.pay,tbl.6.02.TOA.by.Pay.Category,2018,44697000000
TOA,constant,non.pay,tbl.6.02.TOA.by.Pay.Category,2018,231057000000
TOA,constant,non.pay,tbl.6.02.TOA.by.Pay.Category,2018,254662000000
TOA,constant,non.pay,tbl.6.02.TOA.by.Pay.Category,2018,0
TOA,current,pay,tbl.6.02.TOA.by.Pay.Category,2019,77818000000
TOA,current,pay,tbl.6.02.TOA.by.Pay.Category,2019,77856000000
TOA,current,pay,tbl.6.02.TOA.by.Pay.Category,2019,20153000000
TOA,current,non.pay,tbl.6.02.TOA.by.Pay.Category,2019,7533000000
TOA,current,non.pay,tbl.6.02.TOA.by.Pay.Category,2019,43420000000
TOA,current,non.pay,tbl.6.02.TOA.by.Pay.Category,2019,221248000000
TOA,current,non.pay,tbl.6.02.TOA.by.Pay.Category,2019,244973000000
TOA,current,non.pay,tbl.6.02.TOA.by.Pay.Category,2019,0
TOA,constant,pay,tbl.6.02.TOA.by.Pay.Category,2019,81277000000
TOA,constant,pay,tbl.6.02.TOA.by.Pay.Category,2019,82598000000
TOA,constant,pay,tbl.6.02.TOA.by.Pay.Category,2019,21380000000
TOA,constant,non.pay,tbl.6.02.TOA.by.Pay.Category,2019,8140000000
TOA,constant,non.pay,tbl.6.02.TOA.by.Pay.Category,2019,45174000000
TOA,constant,non.pay,tbl.6.02.TOA.by.Pay.Category,2019,230556000000
TOA,constant,non.pay,tbl.6.02.TOA.by.Pay.Category,2019,254869000000
TOA,constant,non.pay,tbl.6.02.TOA.by.Pay.Category,2019,0
TOA,current,pay,tbl.6.02.TOA.by.Pay.Category,2020,79305000000
TOA,current,pay,tbl.6.02.TOA.by.Pay.Category,2020,79393000000
TOA,current,pay,tbl.6.02.TOA.by.Pay.Category,2020,21552000000
TOA,current,non.pay,tbl.6.02.TOA.by.Pay.Category,2020,7817000000
TOA,current,non.pay,tbl.6.02.TOA.by.Pay.Category,2020,45987000000
TOA,current,non.pay,tbl.6.02.TOA.by.Pay.Category,2020,226957000000
TOA,current,non.pay,tbl.6.02.TOA.by.Pay.Category,2020,256812000000
TOA,current,non.pay,tbl.6.02.TOA.by.Pay.Category,2020,0
TOA,constant,pay,tbl.6.02.TOA.by.Pay.Category,2020,80574000000
TOA,constant,pay,tbl.6.02.TOA.by.Pay.Category,2020,81774000000
TOA,constant,pay,tbl.6.02.TOA.by.Pay.Category,2020,22198000000
TOA,constant,non.pay,tbl.6.02.TOA.by.Pay.Category,2020,8122000000
TOA,constant,non.pay,tbl.6.02.TOA.by.Pay.Category,2020,46907000000
TOA,constant,non.pay,tbl.6.02.TOA.by.Pay.Category,2020,231347000000
TOA,constant,non.pay,tbl.6.02.TOA.by.Pay.Category,2020,261945000000
TOA,constant,non.pay,tbl.6.02.TOA.by.Pay.Category,2020,0
TOA,current,pay,tbl.6.02.TOA.by.Pay.Category,2021,82694000000
TOA,current,pay,tbl.6.02.TOA.by.Pay.Category,2021,82061000000
TOA,current,pay,tbl.6.02.TOA.by.Pay.Category,2021,25129000000
TOA,current,non.pay,tbl.6.02.TOA.by.Pay.Category,2021,8373000000
TOA,current,non.pay,tbl.6.02.TOA.by.Pay.Category,2021,47936000000
TOA,current,non.pay,tbl.6.02.TOA.by.Pay.Category,2021,222103000000
TOA,current,non.pay,tbl.6.02.TOA.by.Pay.Category,2021,237205000000
TOA,current,non.pay,tbl.6.02.TOA.by.Pay.Category,2021,0
TOA,constant,pay,tbl.6.02.TOA.by.Pay.Category,2021,82694000000
TOA,constant,pay,tbl.6.02.TOA.by.Pay.Category,2021,82061000000
TOA,constant,pay,tbl.6.02.TOA.by.Pay.Category,2021,25129000000
TOA,constant,non.pay,tbl.6.02.TOA.by.Pay.Category,2021,8373000000
TOA,constant,non.pay,tbl.6.02.TOA.by.Pay.Category,2021,47936000000
TOA,constant,non.pay,tbl.6.02.TOA.by.Pay.Category,2021,222103000000
TOA,constant,non.pay,tbl.6.02.TOA.by.Pay.Category,2021,237205000000
TOA,constant,non.pay,tbl.6.02.TOA.by.Pay.Category,2021,0
TOA,current,pay,tbl.6.02.TOA.by.Pay.Category,2022,84708000000
TOA,current,pay,tbl.6.02.TOA.by.Pay.Category,2022,84386000000
TOA,current,pay,tbl.6.02.TOA.by.Pay.Category,2022,25581000000
TOA,current,non.pay,tbl.6.02.TOA.by.Pay.Category,2022,8819000000
TOA,current,non.pay,tbl.6.02.TOA.by.Pay.Category,2022,48150000000
TOA,current,non.pay,tbl.6.02.TOA.by.Pay.Category,2022,210788000000
TOA,current,non.pay,tbl.6.02.TOA.by.Pay.Category,2022,239422000000
TOA,current,non.pay,tbl.6.02.TOA.by.Pay.Category,2022,20000000000
TOA,constant,pay,tbl.6.02.TOA.by.Pay.Category,2022,83210000000
TOA,constant,pay,tbl.6.02.TOA.by.Pay.Category,2022,82168000000
TOA,constant,pay,tbl.6.02.TOA.by.Pay.Category,2022,24908000000
TOA,constant,non.pay,tbl.6.02.TOA.by.Pay.Category,2022,8488000000
TOA,constant,non.pay,tbl.6.02.TOA.by.Pay.Category,2022,47206000000
TOA,constant,non.pay,tbl.6.02.TOA.by.Pay.Category,2022,206332000000
TOA,constant,non.pay,tbl.6.02.TOA.by.Pay.Category,2022,234728000000
TOA,constant,non.pay,tbl.6.02.TOA.by.Pay.Category,2022,19552000000
TOA,current,pay,tbl.6.02.TOA.by.Pay.Category,2023,86492000000
TOA,current,pay,tbl.6.02.TOA.by.Pay.Category,2023,86834000000
TOA,current,pay,tbl.6.02.TOA.by.Pay.Category,2023,26002000000
TOA,current,non.pay,tbl.6.02.TOA.by.Pay.Category,2023,9270000000
TOA,current,non.pay,tbl.6.02.TOA.by.Pay.Category,2023,49960000000
TOA,current,non.pay,tbl.6.02.TOA.by.Pay.Category,2023,212358000000
TOA,current,non.pay,tbl.6.02.TOA.by.Pay.Category,2023,246099000000
TOA,current,non.pay,tbl.6.02.TOA.by.Pay.Category,2023,20000000000
TOA,constant,pay,tbl.6.02.TOA.by.Pay.Category,2023,83215000000
TOA,constant,pay,tbl.6.02.TOA.by.Pay.Category,2023,82408000000
TOA,constant,pay,tbl.6.02.TOA.by.Pay.Category,2023,24677000000
TOA,constant,non.pay,tbl.6.02.TOA.by.Pay.Category,2023,8587000000
TOA,constant,non.pay,tbl.6.02.TOA.by.Pay.Category,2023,48020000000
TOA,constant,non.pay,tbl.6.02.TOA.by.Pay.Category,2023,203136000000
TOA,constant,non.pay,tbl.6.02.TOA.by.Pay.Category,2023,236542000000
TOA,constant,non.pay,tbl.6.02.TOA.by.Pay.Category,2023,19164000000
TOA,current,pay,tbl.6.02.TOA.by.Pay.Category,2024,88305000000
TOA,current,pay,tbl.6.02.TOA.by.Pay.Category,2024,89203000000
TOA,current,pay,tbl.6.02.TOA.by.Pay.Category,2024,26469000000
TOA,current,non.pay,tbl.6.02.TOA.by.Pay.Category,2024,9752000000
TOA,current,non.pay,tbl.6.02.TOA.by.Pay.Category,2024,51823000000
TOA,current,non.pay,tbl.6.02.TOA.by.Pay.Category,2024,224975000000
TOA,current,non.pay,tbl.6.02.TOA.by.Pay.Category,2024,251979000000
TOA,current,non.pay,tbl.6.02.TOA.by.Pay.Category,2024,10000000000
TOA,constant,pay,tbl.6.02.TOA.by.Pay.Category,2024,83212000000
TOA,constant,pay,tbl.6.02.TOA.by.Pay.Category,2024,82512000000
TOA,constant,pay,tbl.6.02.TOA.by.Pay.Category,2024,24484000000
TOA,constant,non.pay,tbl.6.02.TOA.by.Pay.Category,2024,8694000000
TOA,constant,non.pay,tbl.6.02.TOA.by.Pay.Category,2024,48834000000
TOA,constant,non.pay,tbl.6.02.TOA.by.Pay.Category,2024,210536000000
TOA,constant,non.pay,tbl.6.02.TOA.by.Pay.Category,2024,237445000000
TOA,constant,non.pay,tbl.6.02.TOA.by.Pay.Category,2024,9339000000
TOA,current,pay,tbl.6.02.TOA.by.Pay.Category,2025,90099000000
TOA,current,pay,tbl.6.02.TOA.by.Pay.Category,2025,91612000000
TOA,current,pay,tbl.6.02.TOA.by.Pay.Category,2025,26831000000
TOA,current,non.pay,tbl.6.02.TOA.by.Pay.Category,2025,10255000000
TOA,current,non.pay,tbl.6.02.TOA.by.Pay.Category,2025,53453000000
TOA,current,non.pay,tbl.6.02.TOA.by.Pay.Category,2025,228960000000
TOA,current,non.pay,tbl.6.02.TOA.by.Pay.Category,2025,257075000000
TOA,current,non.pay,tbl.6.02.TOA.by.Pay.Category,2025,10000000000
TOA,constant,pay,tbl.6.02.TOA.by.Pay.Category,2025,83157000000
TOA,constant,pay,tbl.6.02.TOA.by.Pay.Category,2025,82593000000
TOA,constant,pay,tbl.6.02.TOA.by.Pay.Category,2025,24189000000
TOA,constant,non.pay,tbl.6.02.TOA.by.Pay.Category,2025,8800000000
TOA,constant,non.pay,tbl.6.02.TOA.by.Pay.Category,2025,49383000000
TOA,constant,non.pay,tbl.6.02.TOA.by.Pay.Category,2025,209623000000
TOA,constant,non.pay,tbl.6.02.TOA.by.Pay.Category,2025,237497000000
TOA,constant,non.pay,tbl.6.02.TOA.by.Pay.Category,2025,9156000000
TOA,current,pay,tbl.6.02.TOA.by.Pay.Category,public.law.title,NA
TOA,current,pay,tbl.6.02.TOA.by.Pay.Category,public.law.title,NA
TOA,current,pay,tbl.6.02.TOA.by.Pay.Category,public.law.title,NA
TOA,current,non.pay,tbl.6.02.TOA.by.Pay.Category,public.law.title,NA
TOA,current,non.pay,tbl.6.02.TOA.by.Pay.Category,public.law.title,NA
TOA,current,non.pay,tbl.6.02.TOA.by.Pay.Category,public.law.title,NA
TOA,current,non.pay,tbl.6.02.TOA.by.Pay.Category,public.law.title,NA
TOA,current,non.pay,tbl.6.02.TOA.by.Pay.Category,public.law.title,NA
TOA,constant,pay,tbl.6.02.TOA.by.Pay.Category,public.law.title,NA
TOA,constant,pay,tbl.6.02.TOA.by.Pay.Category,public.law.title,NA
TOA,constant,pay,tbl.6.02.TOA.by.Pay.Category,public.law.title,NA
TOA,constant,non.pay,tbl.6.02.TOA.by.Pay.Category,public.law.title,NA
TOA,constant,non.pay,tbl.6.02.TOA.by.Pay.Category,public.law.title,NA
TOA,constant,non.pay,tbl.6.02.TOA.by.Pay.Category,public.law.title,NA
TOA,constant,non.pay,tbl.6.02.TOA.by.Pay.Category,public.law.title,NA
TOA,constant,non.pay,tbl.6.02.TOA.by.Pay.Category,public.law.title,NA
