FY,Source,Base.FY,Public.Law.Title,dod.deflator.Value
1970,Table 5-6:  DEPARTMENT OF DEFENSE DEFLATORS - BUDGET AUTHORITY BY PUBLIC LAW TITLE,2018,Military.Personnel,11.49
1971,Table 5-6:  DEPARTMENT OF DEFENSE DEFLATORS - BUDGET AUTHORITY BY PUBLIC LAW TITLE,2018,Military.Personnel,12.3
1972,Table 5-6:  DEPARTMENT OF DEFENSE DEFLATORS - BUDGET AUTHORITY BY PUBLIC LAW TITLE,2018,Military.Personnel,13.95
1973,Table 5-6:  DEPARTMENT OF DEFENSE DEFLATORS - BUDGET AUTHORITY BY PUBLIC LAW TITLE,2018,Military.Personnel,15.55
1974,Table 5-6:  DEPARTMENT OF DEFENSE DEFLATORS - BUDGET AUTHORITY BY PUBLIC LAW TITLE,2018,Military.Personnel,16.58
1975,Table 5-6:  DEPARTMENT OF DEFENSE DEFLATORS - BUDGET AUTHORITY BY PUBLIC LAW TITLE,2018,Military.Personnel,17.8
1976,Table 5-6:  DEPARTMENT OF DEFENSE DEFLATORS - BUDGET AUTHORITY BY PUBLIC LAW TITLE,2018,Military.Personnel,18.81
1977,Table 5-6:  DEPARTMENT OF DEFENSE DEFLATORS - BUDGET AUTHORITY BY PUBLIC LAW TITLE,2018,Military.Personnel,19.85
1978,Table 5-6:  DEPARTMENT OF DEFENSE DEFLATORS - BUDGET AUTHORITY BY PUBLIC LAW TITLE,2018,Military.Personnel,21.17
1979,Table 5-6:  DEPARTMENT OF DEFENSE DEFLATORS - BUDGET AUTHORITY BY PUBLIC LAW TITLE,2018,Military.Personnel,22.47
1980,Table 5-6:  DEPARTMENT OF DEFENSE DEFLATORS - BUDGET AUTHORITY BY PUBLIC LAW TITLE,2018,Military.Personnel,24.22
1981,Table 5-6:  DEPARTMENT OF DEFENSE DEFLATORS - BUDGET AUTHORITY BY PUBLIC LAW TITLE,2018,Military.Personnel,27.81
1982,Table 5-6:  DEPARTMENT OF DEFENSE DEFLATORS - BUDGET AUTHORITY BY PUBLIC LAW TITLE,2018,Military.Personnel,31.82
1983,Table 5-6:  DEPARTMENT OF DEFENSE DEFLATORS - BUDGET AUTHORITY BY PUBLIC LAW TITLE,2018,Military.Personnel,33.31
1984,Table 5-6:  DEPARTMENT OF DEFENSE DEFLATORS - BUDGET AUTHORITY BY PUBLIC LAW TITLE,2018,Military.Personnel,34.89
1985,Table 5-6:  DEPARTMENT OF DEFENSE DEFLATORS - BUDGET AUTHORITY BY PUBLIC LAW TITLE,2018,Military.Personnel,38.48
1986,Table 5-6:  DEPARTMENT OF DEFENSE DEFLATORS - BUDGET AUTHORITY BY PUBLIC LAW TITLE,2018,Military.Personnel,39.45
1987,Table 5-6:  DEPARTMENT OF DEFENSE DEFLATORS - BUDGET AUTHORITY BY PUBLIC LAW TITLE,2018,Military.Personnel,40.98
1988,Table 5-6:  DEPARTMENT OF DEFENSE DEFLATORS - BUDGET AUTHORITY BY PUBLIC LAW TITLE,2018,Military.Personnel,42.67
1989,Table 5-6:  DEPARTMENT OF DEFENSE DEFLATORS - BUDGET AUTHORITY BY PUBLIC LAW TITLE,2018,Military.Personnel,44.07
1990,Table 5-6:  DEPARTMENT OF DEFENSE DEFLATORS - BUDGET AUTHORITY BY PUBLIC LAW TITLE,2018,Military.Personnel,44.78
1991,Table 5-6:  DEPARTMENT OF DEFENSE DEFLATORS - BUDGET AUTHORITY BY PUBLIC LAW TITLE,2018,Military.Personnel,47.25
1992,Table 5-6:  DEPARTMENT OF DEFENSE DEFLATORS - BUDGET AUTHORITY BY PUBLIC LAW TITLE,2018,Military.Personnel,48.37
1993,Table 5-6:  DEPARTMENT OF DEFENSE DEFLATORS - BUDGET AUTHORITY BY PUBLIC LAW TITLE,2018,Military.Personnel,50.51
1994,Table 5-6:  DEPARTMENT OF DEFENSE DEFLATORS - BUDGET AUTHORITY BY PUBLIC LAW TITLE,2018,Military.Personnel,51.76
1995,Table 5-6:  DEPARTMENT OF DEFENSE DEFLATORS - BUDGET AUTHORITY BY PUBLIC LAW TITLE,2018,Military.Personnel,53.05
1996,Table 5-6:  DEPARTMENT OF DEFENSE DEFLATORS - BUDGET AUTHORITY BY PUBLIC LAW TITLE,2018,Military.Personnel,54.22
1997,Table 5-6:  DEPARTMENT OF DEFENSE DEFLATORS - BUDGET AUTHORITY BY PUBLIC LAW TITLE,2018,Military.Personnel,55.89
1998,Table 5-6:  DEPARTMENT OF DEFENSE DEFLATORS - BUDGET AUTHORITY BY PUBLIC LAW TITLE,2018,Military.Personnel,58.35
1999,Table 5-6:  DEPARTMENT OF DEFENSE DEFLATORS - BUDGET AUTHORITY BY PUBLIC LAW TITLE,2018,Military.Personnel,60.13
2e3,Table 5-6:  DEPARTMENT OF DEFENSE DEFLATORS - BUDGET AUTHORITY BY PUBLIC LAW TITLE,2018,Military.Personnel,63.06
2001,Table 5-6:  DEPARTMENT OF DEFENSE DEFLATORS - BUDGET AUTHORITY BY PUBLIC LAW TITLE,2018,Military.Personnel,65.15
2002,Table 5-6:  DEPARTMENT OF DEFENSE DEFLATORS - BUDGET AUTHORITY BY PUBLIC LAW TITLE,2018,Military.Personnel,68.91
2003,Table 5-6:  DEPARTMENT OF DEFENSE DEFLATORS - BUDGET AUTHORITY BY PUBLIC LAW TITLE,2018,Military.Personnel,70.85
2004,Table 5-6:  DEPARTMENT OF DEFENSE DEFLATORS - BUDGET AUTHORITY BY PUBLIC LAW TITLE,2018,Military.Personnel,73.05
2005,Table 5-6:  DEPARTMENT OF DEFENSE DEFLATORS - BUDGET AUTHORITY BY PUBLIC LAW TITLE,2018,Military.Personnel,75.41
2006,Table 5-6:  DEPARTMENT OF DEFENSE DEFLATORS - BUDGET AUTHORITY BY PUBLIC LAW TITLE,2018,Military.Personnel,77.97
2007,Table 5-6:  DEPARTMENT OF DEFENSE DEFLATORS - BUDGET AUTHORITY BY PUBLIC LAW TITLE,2018,Military.Personnel,80.06
2008,Table 5-6:  DEPARTMENT OF DEFENSE DEFLATORS - BUDGET AUTHORITY BY PUBLIC LAW TITLE,2018,Military.Personnel,82.7
2009,Table 5-6:  DEPARTMENT OF DEFENSE DEFLATORS - BUDGET AUTHORITY BY PUBLIC LAW TITLE,2018,Military.Personnel,85.4
2010,Table 5-6:  DEPARTMENT OF DEFENSE DEFLATORS - BUDGET AUTHORITY BY PUBLIC LAW TITLE,2018,Military.Personnel,87.79
2011,Table 5-6:  DEPARTMENT OF DEFENSE DEFLATORS - BUDGET AUTHORITY BY PUBLIC LAW TITLE,2018,Military.Personnel,89.14
2012,Table 5-6:  DEPARTMENT OF DEFENSE DEFLATORS - BUDGET AUTHORITY BY PUBLIC LAW TITLE,2018,Military.Personnel,90.75
2013,Table 5-6:  DEPARTMENT OF DEFENSE DEFLATORS - BUDGET AUTHORITY BY PUBLIC LAW TITLE,2018,Military.Personnel,92.43
2014,Table 5-6:  DEPARTMENT OF DEFENSE DEFLATORS - BUDGET AUTHORITY BY PUBLIC LAW TITLE,2018,Military.Personnel,93.7
2015,Table 5-6:  DEPARTMENT OF DEFENSE DEFLATORS - BUDGET AUTHORITY BY PUBLIC LAW TITLE,2018,Military.Personnel,94.77
2016,Table 5-6:  DEPARTMENT OF DEFENSE DEFLATORS - BUDGET AUTHORITY BY PUBLIC LAW TITLE,2018,Military.Personnel,96.05
2017,Table 5-6:  DEPARTMENT OF DEFENSE DEFLATORS - BUDGET AUTHORITY BY PUBLIC LAW TITLE,2018,Military.Personnel,97.95
2018,Table 5-6:  DEPARTMENT OF DEFENSE DEFLATORS - BUDGET AUTHORITY BY PUBLIC LAW TITLE,2018,Military.Personnel,100
1970,Table 5-6:  DEPARTMENT OF DEFENSE DEFLATORS - BUDGET AUTHORITY BY PUBLIC LAW TITLE,2018,Operation...Maintenance,15.01
1971,Table 5-6:  DEPARTMENT OF DEFENSE DEFLATORS - BUDGET AUTHORITY BY PUBLIC LAW TITLE,2018,Operation...Maintenance,15.9
1972,Table 5-6:  DEPARTMENT OF DEFENSE DEFLATORS - BUDGET AUTHORITY BY PUBLIC LAW TITLE,2018,Operation...Maintenance,16.77
1973,Table 5-6:  DEPARTMENT OF DEFENSE DEFLATORS - BUDGET AUTHORITY BY PUBLIC LAW TITLE,2018,Operation...Maintenance,18.01
1974,Table 5-6:  DEPARTMENT OF DEFENSE DEFLATORS - BUDGET AUTHORITY BY PUBLIC LAW TITLE,2018,Operation...Maintenance,20.06
1975,Table 5-6:  DEPARTMENT OF DEFENSE DEFLATORS - BUDGET AUTHORITY BY PUBLIC LAW TITLE,2018,Operation...Maintenance,21.75
1976,Table 5-6:  DEPARTMENT OF DEFENSE DEFLATORS - BUDGET AUTHORITY BY PUBLIC LAW TITLE,2018,Operation...Maintenance,23.91
1977,Table 5-6:  DEPARTMENT OF DEFENSE DEFLATORS - BUDGET AUTHORITY BY PUBLIC LAW TITLE,2018,Operation...Maintenance,25.78
1978,Table 5-6:  DEPARTMENT OF DEFENSE DEFLATORS - BUDGET AUTHORITY BY PUBLIC LAW TITLE,2018,Operation...Maintenance,27.97
1979,Table 5-6:  DEPARTMENT OF DEFENSE DEFLATORS - BUDGET AUTHORITY BY PUBLIC LAW TITLE,2018,Operation...Maintenance,29.75
1980,Table 5-6:  DEPARTMENT OF DEFENSE DEFLATORS - BUDGET AUTHORITY BY PUBLIC LAW TITLE,2018,Operation...Maintenance,34.78
1981,Table 5-6:  DEPARTMENT OF DEFENSE DEFLATORS - BUDGET AUTHORITY BY PUBLIC LAW TITLE,2018,Operation...Maintenance,38.67
1982,Table 5-6:  DEPARTMENT OF DEFENSE DEFLATORS - BUDGET AUTHORITY BY PUBLIC LAW TITLE,2018,Operation...Maintenance,40.67
1983,Table 5-6:  DEPARTMENT OF DEFENSE DEFLATORS - BUDGET AUTHORITY BY PUBLIC LAW TITLE,2018,Operation...Maintenance,41.77
1984,Table 5-6:  DEPARTMENT OF DEFENSE DEFLATORS - BUDGET AUTHORITY BY PUBLIC LAW TITLE,2018,Operation...Maintenance,42.56
1985,Table 5-6:  DEPARTMENT OF DEFENSE DEFLATORS - BUDGET AUTHORITY BY PUBLIC LAW TITLE,2018,Operation...Maintenance,43.73
1986,Table 5-6:  DEPARTMENT OF DEFENSE DEFLATORS - BUDGET AUTHORITY BY PUBLIC LAW TITLE,2018,Operation...Maintenance,43.92
1987,Table 5-6:  DEPARTMENT OF DEFENSE DEFLATORS - BUDGET AUTHORITY BY PUBLIC LAW TITLE,2018,Operation...Maintenance,45.6
1988,Table 5-6:  DEPARTMENT OF DEFENSE DEFLATORS - BUDGET AUTHORITY BY PUBLIC LAW TITLE,2018,Operation...Maintenance,47.14
1989,Table 5-6:  DEPARTMENT OF DEFENSE DEFLATORS - BUDGET AUTHORITY BY PUBLIC LAW TITLE,2018,Operation...Maintenance,49.4
1990,Table 5-6:  DEPARTMENT OF DEFENSE DEFLATORS - BUDGET AUTHORITY BY PUBLIC LAW TITLE,2018,Operation...Maintenance,51.09
1991,Table 5-6:  DEPARTMENT OF DEFENSE DEFLATORS - BUDGET AUTHORITY BY PUBLIC LAW TITLE,2018,Operation...Maintenance,56.37
1992,Table 5-6:  DEPARTMENT OF DEFENSE DEFLATORS - BUDGET AUTHORITY BY PUBLIC LAW TITLE,2018,Operation...Maintenance,55.99
1993,Table 5-6:  DEPARTMENT OF DEFENSE DEFLATORS - BUDGET AUTHORITY BY PUBLIC LAW TITLE,2018,Operation...Maintenance,53.29
1994,Table 5-6:  DEPARTMENT OF DEFENSE DEFLATORS - BUDGET AUTHORITY BY PUBLIC LAW TITLE,2018,Operation...Maintenance,54.84
1995,Table 5-6:  DEPARTMENT OF DEFENSE DEFLATORS - BUDGET AUTHORITY BY PUBLIC LAW TITLE,2018,Operation...Maintenance,56.32
1996,Table 5-6:  DEPARTMENT OF DEFENSE DEFLATORS - BUDGET AUTHORITY BY PUBLIC LAW TITLE,2018,Operation...Maintenance,57.74
1997,Table 5-6:  DEPARTMENT OF DEFENSE DEFLATORS - BUDGET AUTHORITY BY PUBLIC LAW TITLE,2018,Operation...Maintenance,59.01
1998,Table 5-6:  DEPARTMENT OF DEFENSE DEFLATORS - BUDGET AUTHORITY BY PUBLIC LAW TITLE,2018,Operation...Maintenance,61.1
1999,Table 5-6:  DEPARTMENT OF DEFENSE DEFLATORS - BUDGET AUTHORITY BY PUBLIC LAW TITLE,2018,Operation...Maintenance,62.76
2e3,Table 5-6:  DEPARTMENT OF DEFENSE DEFLATORS - BUDGET AUTHORITY BY PUBLIC LAW TITLE,2018,Operation...Maintenance,63.65
2001,Table 5-6:  DEPARTMENT OF DEFENSE DEFLATORS - BUDGET AUTHORITY BY PUBLIC LAW TITLE,2018,Operation...Maintenance,66.77
2002,Table 5-6:  DEPARTMENT OF DEFENSE DEFLATORS - BUDGET AUTHORITY BY PUBLIC LAW TITLE,2018,Operation...Maintenance,67.66
2003,Table 5-6:  DEPARTMENT OF DEFENSE DEFLATORS - BUDGET AUTHORITY BY PUBLIC LAW TITLE,2018,Operation...Maintenance,70.99
2004,Table 5-6:  DEPARTMENT OF DEFENSE DEFLATORS - BUDGET AUTHORITY BY PUBLIC LAW TITLE,2018,Operation...Maintenance,73.47
2005,Table 5-6:  DEPARTMENT OF DEFENSE DEFLATORS - BUDGET AUTHORITY BY PUBLIC LAW TITLE,2018,Operation...Maintenance,77.29
2006,Table 5-6:  DEPARTMENT OF DEFENSE DEFLATORS - BUDGET AUTHORITY BY PUBLIC LAW TITLE,2018,Operation...Maintenance,80.37
2007,Table 5-6:  DEPARTMENT OF DEFENSE DEFLATORS - BUDGET AUTHORITY BY PUBLIC LAW TITLE,2018,Operation...Maintenance,82.51
2008,Table 5-6:  DEPARTMENT OF DEFENSE DEFLATORS - BUDGET AUTHORITY BY PUBLIC LAW TITLE,2018,Operation...Maintenance,85.36
2009,Table 5-6:  DEPARTMENT OF DEFENSE DEFLATORS - BUDGET AUTHORITY BY PUBLIC LAW TITLE,2018,Operation...Maintenance,86.26
2010,Table 5-6:  DEPARTMENT OF DEFENSE DEFLATORS - BUDGET AUTHORITY BY PUBLIC LAW TITLE,2018,Operation...Maintenance,88.45
2011,Table 5-6:  DEPARTMENT OF DEFENSE DEFLATORS - BUDGET AUTHORITY BY PUBLIC LAW TITLE,2018,Operation...Maintenance,90.4
2012,Table 5-6:  DEPARTMENT OF DEFENSE DEFLATORS - BUDGET AUTHORITY BY PUBLIC LAW TITLE,2018,Operation...Maintenance,92
2013,Table 5-6:  DEPARTMENT OF DEFENSE DEFLATORS - BUDGET AUTHORITY BY PUBLIC LAW TITLE,2018,Operation...Maintenance,93.64
2014,Table 5-6:  DEPARTMENT OF DEFENSE DEFLATORS - BUDGET AUTHORITY BY PUBLIC LAW TITLE,2018,Operation...Maintenance,94.57
2015,Table 5-6:  DEPARTMENT OF DEFENSE DEFLATORS - BUDGET AUTHORITY BY PUBLIC LAW TITLE,2018,Operation...Maintenance,95.48
2016,Table 5-6:  DEPARTMENT OF DEFENSE DEFLATORS - BUDGET AUTHORITY BY PUBLIC LAW TITLE,2018,Operation...Maintenance,95.75
2017,Table 5-6:  DEPARTMENT OF DEFENSE DEFLATORS - BUDGET AUTHORITY BY PUBLIC LAW TITLE,2018,Operation...Maintenance,97.92
2018,Table 5-6:  DEPARTMENT OF DEFENSE DEFLATORS - BUDGET AUTHORITY BY PUBLIC LAW TITLE,2018,Operation...Maintenance,100
1970,Table 5-6:  DEPARTMENT OF DEFENSE DEFLATORS - BUDGET AUTHORITY BY PUBLIC LAW TITLE,2018,O.M.Excluding.DHP,15.01
1971,Table 5-6:  DEPARTMENT OF DEFENSE DEFLATORS - BUDGET AUTHORITY BY PUBLIC LAW TITLE,2018,O.M.Excluding.DHP,15.9
1972,Table 5-6:  DEPARTMENT OF DEFENSE DEFLATORS - BUDGET AUTHORITY BY PUBLIC LAW TITLE,2018,O.M.Excluding.DHP,16.77
1973,Table 5-6:  DEPARTMENT OF DEFENSE DEFLATORS - BUDGET AUTHORITY BY PUBLIC LAW TITLE,2018,O.M.Excluding.DHP,18.01
1974,Table 5-6:  DEPARTMENT OF DEFENSE DEFLATORS - BUDGET AUTHORITY BY PUBLIC LAW TITLE,2018,O.M.Excluding.DHP,20.06
1975,Table 5-6:  DEPARTMENT OF DEFENSE DEFLATORS - BUDGET AUTHORITY BY PUBLIC LAW TITLE,2018,O.M.Excluding.DHP,21.75
1976,Table 5-6:  DEPARTMENT OF DEFENSE DEFLATORS - BUDGET AUTHORITY BY PUBLIC LAW TITLE,2018,O.M.Excluding.DHP,23.91
1977,Table 5-6:  DEPARTMENT OF DEFENSE DEFLATORS - BUDGET AUTHORITY BY PUBLIC LAW TITLE,2018,O.M.Excluding.DHP,25.78
1978,Table 5-6:  DEPARTMENT OF DEFENSE DEFLATORS - BUDGET AUTHORITY BY PUBLIC LAW TITLE,2018,O.M.Excluding.DHP,27.97
1979,Table 5-6:  DEPARTMENT OF DEFENSE DEFLATORS - BUDGET AUTHORITY BY PUBLIC LAW TITLE,2018,O.M.Excluding.DHP,29.75
1980,Table 5-6:  DEPARTMENT OF DEFENSE DEFLATORS - BUDGET AUTHORITY BY PUBLIC LAW TITLE,2018,O.M.Excluding.DHP,34.78
1981,Table 5-6:  DEPARTMENT OF DEFENSE DEFLATORS - BUDGET AUTHORITY BY PUBLIC LAW TITLE,2018,O.M.Excluding.DHP,38.67
1982,Table 5-6:  DEPARTMENT OF DEFENSE DEFLATORS - BUDGET AUTHORITY BY PUBLIC LAW TITLE,2018,O.M.Excluding.DHP,40.67
1983,Table 5-6:  DEPARTMENT OF DEFENSE DEFLATORS - BUDGET AUTHORITY BY PUBLIC LAW TITLE,2018,O.M.Excluding.DHP,41.77
1984,Table 5-6:  DEPARTMENT OF DEFENSE DEFLATORS - BUDGET AUTHORITY BY PUBLIC LAW TITLE,2018,O.M.Excluding.DHP,42.56
1985,Table 5-6:  DEPARTMENT OF DEFENSE DEFLATORS - BUDGET AUTHORITY BY PUBLIC LAW TITLE,2018,O.M.Excluding.DHP,43.73
1986,Table 5-6:  DEPARTMENT OF DEFENSE DEFLATORS - BUDGET AUTHORITY BY PUBLIC LAW TITLE,2018,O.M.Excluding.DHP,43.92
1987,Table 5-6:  DEPARTMENT OF DEFENSE DEFLATORS - BUDGET AUTHORITY BY PUBLIC LAW TITLE,2018,O.M.Excluding.DHP,45.6
1988,Table 5-6:  DEPARTMENT OF DEFENSE DEFLATORS - BUDGET AUTHORITY BY PUBLIC LAW TITLE,2018,O.M.Excluding.DHP,47.14
1989,Table 5-6:  DEPARTMENT OF DEFENSE DEFLATORS - BUDGET AUTHORITY BY PUBLIC LAW TITLE,2018,O.M.Excluding.DHP,49.4
1990,Table 5-6:  DEPARTMENT OF DEFENSE DEFLATORS - BUDGET AUTHORITY BY PUBLIC LAW TITLE,2018,O.M.Excluding.DHP,51.09
1991,Table 5-6:  DEPARTMENT OF DEFENSE DEFLATORS - BUDGET AUTHORITY BY PUBLIC LAW TITLE,2018,O.M.Excluding.DHP,56.37
1992,Table 5-6:  DEPARTMENT OF DEFENSE DEFLATORS - BUDGET AUTHORITY BY PUBLIC LAW TITLE,2018,O.M.Excluding.DHP,55.99
1993,Table 5-6:  DEPARTMENT OF DEFENSE DEFLATORS - BUDGET AUTHORITY BY PUBLIC LAW TITLE,2018,O.M.Excluding.DHP,56.74
1994,Table 5-6:  DEPARTMENT OF DEFENSE DEFLATORS - BUDGET AUTHORITY BY PUBLIC LAW TITLE,2018,O.M.Excluding.DHP,58.37
1995,Table 5-6:  DEPARTMENT OF DEFENSE DEFLATORS - BUDGET AUTHORITY BY PUBLIC LAW TITLE,2018,O.M.Excluding.DHP,59.74
1996,Table 5-6:  DEPARTMENT OF DEFENSE DEFLATORS - BUDGET AUTHORITY BY PUBLIC LAW TITLE,2018,O.M.Excluding.DHP,61.21
1997,Table 5-6:  DEPARTMENT OF DEFENSE DEFLATORS - BUDGET AUTHORITY BY PUBLIC LAW TITLE,2018,O.M.Excluding.DHP,62.61
1998,Table 5-6:  DEPARTMENT OF DEFENSE DEFLATORS - BUDGET AUTHORITY BY PUBLIC LAW TITLE,2018,O.M.Excluding.DHP,64.64
1999,Table 5-6:  DEPARTMENT OF DEFENSE DEFLATORS - BUDGET AUTHORITY BY PUBLIC LAW TITLE,2018,O.M.Excluding.DHP,66.09
2e3,Table 5-6:  DEPARTMENT OF DEFENSE DEFLATORS - BUDGET AUTHORITY BY PUBLIC LAW TITLE,2018,O.M.Excluding.DHP,67.39
2001,Table 5-6:  DEPARTMENT OF DEFENSE DEFLATORS - BUDGET AUTHORITY BY PUBLIC LAW TITLE,2018,O.M.Excluding.DHP,70.51
2002,Table 5-6:  DEPARTMENT OF DEFENSE DEFLATORS - BUDGET AUTHORITY BY PUBLIC LAW TITLE,2018,O.M.Excluding.DHP,71.67
2003,Table 5-6:  DEPARTMENT OF DEFENSE DEFLATORS - BUDGET AUTHORITY BY PUBLIC LAW TITLE,2018,O.M.Excluding.DHP,73.35
2004,Table 5-6:  DEPARTMENT OF DEFENSE DEFLATORS - BUDGET AUTHORITY BY PUBLIC LAW TITLE,2018,O.M.Excluding.DHP,75.89
2005,Table 5-6:  DEPARTMENT OF DEFENSE DEFLATORS - BUDGET AUTHORITY BY PUBLIC LAW TITLE,2018,O.M.Excluding.DHP,79.93
2006,Table 5-6:  DEPARTMENT OF DEFENSE DEFLATORS - BUDGET AUTHORITY BY PUBLIC LAW TITLE,2018,O.M.Excluding.DHP,82.83
2007,Table 5-6:  DEPARTMENT OF DEFENSE DEFLATORS - BUDGET AUTHORITY BY PUBLIC LAW TITLE,2018,O.M.Excluding.DHP,84.64
2008,Table 5-6:  DEPARTMENT OF DEFENSE DEFLATORS - BUDGET AUTHORITY BY PUBLIC LAW TITLE,2018,O.M.Excluding.DHP,87.21
2009,Table 5-6:  DEPARTMENT OF DEFENSE DEFLATORS - BUDGET AUTHORITY BY PUBLIC LAW TITLE,2018,O.M.Excluding.DHP,87.74
2010,Table 5-6:  DEPARTMENT OF DEFENSE DEFLATORS - BUDGET AUTHORITY BY PUBLIC LAW TITLE,2018,O.M.Excluding.DHP,89.69
2011,Table 5-6:  DEPARTMENT OF DEFENSE DEFLATORS - BUDGET AUTHORITY BY PUBLIC LAW TITLE,2018,O.M.Excluding.DHP,91.59
2012,Table 5-6:  DEPARTMENT OF DEFENSE DEFLATORS - BUDGET AUTHORITY BY PUBLIC LAW TITLE,2018,O.M.Excluding.DHP,93.18
2013,Table 5-6:  DEPARTMENT OF DEFENSE DEFLATORS - BUDGET AUTHORITY BY PUBLIC LAW TITLE,2018,O.M.Excluding.DHP,94.79
2014,Table 5-6:  DEPARTMENT OF DEFENSE DEFLATORS - BUDGET AUTHORITY BY PUBLIC LAW TITLE,2018,O.M.Excluding.DHP,95.66
2015,Table 5-6:  DEPARTMENT OF DEFENSE DEFLATORS - BUDGET AUTHORITY BY PUBLIC LAW TITLE,2018,O.M.Excluding.DHP,96.34
2016,Table 5-6:  DEPARTMENT OF DEFENSE DEFLATORS - BUDGET AUTHORITY BY PUBLIC LAW TITLE,2018,O.M.Excluding.DHP,96.15
2017,Table 5-6:  DEPARTMENT OF DEFENSE DEFLATORS - BUDGET AUTHORITY BY PUBLIC LAW TITLE,2018,O.M.Excluding.DHP,98.13
2018,Table 5-6:  DEPARTMENT OF DEFENSE DEFLATORS - BUDGET AUTHORITY BY PUBLIC LAW TITLE,2018,O.M.Excluding.DHP,100
1970,Table 5-6:  DEPARTMENT OF DEFENSE DEFLATORS - BUDGET AUTHORITY BY PUBLIC LAW TITLE,2018,Procurement,17.16
1971,Table 5-6:  DEPARTMENT OF DEFENSE DEFLATORS - BUDGET AUTHORITY BY PUBLIC LAW TITLE,2018,Procurement,18.21
1972,Table 5-6:  DEPARTMENT OF DEFENSE DEFLATORS - BUDGET AUTHORITY BY PUBLIC LAW TITLE,2018,Procurement,19.61
1973,Table 5-6:  DEPARTMENT OF DEFENSE DEFLATORS - BUDGET AUTHORITY BY PUBLIC LAW TITLE,2018,Procurement,21.36
1974,Table 5-6:  DEPARTMENT OF DEFENSE DEFLATORS - BUDGET AUTHORITY BY PUBLIC LAW TITLE,2018,Procurement,23.45
1975,Table 5-6:  DEPARTMENT OF DEFENSE DEFLATORS - BUDGET AUTHORITY BY PUBLIC LAW TITLE,2018,Procurement,26.18
1976,Table 5-6:  DEPARTMENT OF DEFENSE DEFLATORS - BUDGET AUTHORITY BY PUBLIC LAW TITLE,2018,Procurement,28.99
1977,Table 5-6:  DEPARTMENT OF DEFENSE DEFLATORS - BUDGET AUTHORITY BY PUBLIC LAW TITLE,2018,Procurement,30
1978,Table 5-6:  DEPARTMENT OF DEFENSE DEFLATORS - BUDGET AUTHORITY BY PUBLIC LAW TITLE,2018,Procurement,32.89
1979,Table 5-6:  DEPARTMENT OF DEFENSE DEFLATORS - BUDGET AUTHORITY BY PUBLIC LAW TITLE,2018,Procurement,36.46
1980,Table 5-6:  DEPARTMENT OF DEFENSE DEFLATORS - BUDGET AUTHORITY BY PUBLIC LAW TITLE,2018,Procurement,40.13
1981,Table 5-6:  DEPARTMENT OF DEFENSE DEFLATORS - BUDGET AUTHORITY BY PUBLIC LAW TITLE,2018,Procurement,43.51
1982,Table 5-6:  DEPARTMENT OF DEFENSE DEFLATORS - BUDGET AUTHORITY BY PUBLIC LAW TITLE,2018,Procurement,46.22
1983,Table 5-6:  DEPARTMENT OF DEFENSE DEFLATORS - BUDGET AUTHORITY BY PUBLIC LAW TITLE,2018,Procurement,48.39
1984,Table 5-6:  DEPARTMENT OF DEFENSE DEFLATORS - BUDGET AUTHORITY BY PUBLIC LAW TITLE,2018,Procurement,50.03
1985,Table 5-6:  DEPARTMENT OF DEFENSE DEFLATORS - BUDGET AUTHORITY BY PUBLIC LAW TITLE,2018,Procurement,51.55
1986,Table 5-6:  DEPARTMENT OF DEFENSE DEFLATORS - BUDGET AUTHORITY BY PUBLIC LAW TITLE,2018,Procurement,53.18
1987,Table 5-6:  DEPARTMENT OF DEFENSE DEFLATORS - BUDGET AUTHORITY BY PUBLIC LAW TITLE,2018,Procurement,54.98
1988,Table 5-6:  DEPARTMENT OF DEFENSE DEFLATORS - BUDGET AUTHORITY BY PUBLIC LAW TITLE,2018,Procurement,57.13
1989,Table 5-6:  DEPARTMENT OF DEFENSE DEFLATORS - BUDGET AUTHORITY BY PUBLIC LAW TITLE,2018,Procurement,59.2
1990,Table 5-6:  DEPARTMENT OF DEFENSE DEFLATORS - BUDGET AUTHORITY BY PUBLIC LAW TITLE,2018,Procurement,61.17
1991,Table 5-6:  DEPARTMENT OF DEFENSE DEFLATORS - BUDGET AUTHORITY BY PUBLIC LAW TITLE,2018,Procurement,62.84
1992,Table 5-6:  DEPARTMENT OF DEFENSE DEFLATORS - BUDGET AUTHORITY BY PUBLIC LAW TITLE,2018,Procurement,64.24
1993,Table 5-6:  DEPARTMENT OF DEFENSE DEFLATORS - BUDGET AUTHORITY BY PUBLIC LAW TITLE,2018,Procurement,65.51
1994,Table 5-6:  DEPARTMENT OF DEFENSE DEFLATORS - BUDGET AUTHORITY BY PUBLIC LAW TITLE,2018,Procurement,66.69
1995,Table 5-6:  DEPARTMENT OF DEFENSE DEFLATORS - BUDGET AUTHORITY BY PUBLIC LAW TITLE,2018,Procurement,67.76
1996,Table 5-6:  DEPARTMENT OF DEFENSE DEFLATORS - BUDGET AUTHORITY BY PUBLIC LAW TITLE,2018,Procurement,68.7
1997,Table 5-6:  DEPARTMENT OF DEFENSE DEFLATORS - BUDGET AUTHORITY BY PUBLIC LAW TITLE,2018,Procurement,69.5
1998,Table 5-6:  DEPARTMENT OF DEFENSE DEFLATORS - BUDGET AUTHORITY BY PUBLIC LAW TITLE,2018,Procurement,70.27
1999,Table 5-6:  DEPARTMENT OF DEFENSE DEFLATORS - BUDGET AUTHORITY BY PUBLIC LAW TITLE,2018,Procurement,71.26
2e3,Table 5-6:  DEPARTMENT OF DEFENSE DEFLATORS - BUDGET AUTHORITY BY PUBLIC LAW TITLE,2018,Procurement,72.32
2001,Table 5-6:  DEPARTMENT OF DEFENSE DEFLATORS - BUDGET AUTHORITY BY PUBLIC LAW TITLE,2018,Procurement,73.38
2002,Table 5-6:  DEPARTMENT OF DEFENSE DEFLATORS - BUDGET AUTHORITY BY PUBLIC LAW TITLE,2018,Procurement,74.61
2003,Table 5-6:  DEPARTMENT OF DEFENSE DEFLATORS - BUDGET AUTHORITY BY PUBLIC LAW TITLE,2018,Procurement,76.2
2004,Table 5-6:  DEPARTMENT OF DEFENSE DEFLATORS - BUDGET AUTHORITY BY PUBLIC LAW TITLE,2018,Procurement,78.16
2005,Table 5-6:  DEPARTMENT OF DEFENSE DEFLATORS - BUDGET AUTHORITY BY PUBLIC LAW TITLE,2018,Procurement,80.24
2006,Table 5-6:  DEPARTMENT OF DEFENSE DEFLATORS - BUDGET AUTHORITY BY PUBLIC LAW TITLE,2018,Procurement,82.15
2007,Table 5-6:  DEPARTMENT OF DEFENSE DEFLATORS - BUDGET AUTHORITY BY PUBLIC LAW TITLE,2018,Procurement,83.8
2008,Table 5-6:  DEPARTMENT OF DEFENSE DEFLATORS - BUDGET AUTHORITY BY PUBLIC LAW TITLE,2018,Procurement,85.1
2009,Table 5-6:  DEPARTMENT OF DEFENSE DEFLATORS - BUDGET AUTHORITY BY PUBLIC LAW TITLE,2018,Procurement,86.31
2010,Table 5-6:  DEPARTMENT OF DEFENSE DEFLATORS - BUDGET AUTHORITY BY PUBLIC LAW TITLE,2018,Procurement,87.68
2011,Table 5-6:  DEPARTMENT OF DEFENSE DEFLATORS - BUDGET AUTHORITY BY PUBLIC LAW TITLE,2018,Procurement,89.14
2012,Table 5-6:  DEPARTMENT OF DEFENSE DEFLATORS - BUDGET AUTHORITY BY PUBLIC LAW TITLE,2018,Procurement,90.5
2013,Table 5-6:  DEPARTMENT OF DEFENSE DEFLATORS - BUDGET AUTHORITY BY PUBLIC LAW TITLE,2018,Procurement,91.78
2014,Table 5-6:  DEPARTMENT OF DEFENSE DEFLATORS - BUDGET AUTHORITY BY PUBLIC LAW TITLE,2018,Procurement,93.08
2015,Table 5-6:  DEPARTMENT OF DEFENSE DEFLATORS - BUDGET AUTHORITY BY PUBLIC LAW TITLE,2018,Procurement,94.49
2016,Table 5-6:  DEPARTMENT OF DEFENSE DEFLATORS - BUDGET AUTHORITY BY PUBLIC LAW TITLE,2018,Procurement,96.16
2017,Table 5-6:  DEPARTMENT OF DEFENSE DEFLATORS - BUDGET AUTHORITY BY PUBLIC LAW TITLE,2018,Procurement,98.04
2018,Table 5-6:  DEPARTMENT OF DEFENSE DEFLATORS - BUDGET AUTHORITY BY PUBLIC LAW TITLE,2018,Procurement,100
1970,Table 5-6:  DEPARTMENT OF DEFENSE DEFLATORS - BUDGET AUTHORITY BY PUBLIC LAW TITLE,2018,RDT.E,17.79
1971,Table 5-6:  DEPARTMENT OF DEFENSE DEFLATORS - BUDGET AUTHORITY BY PUBLIC LAW TITLE,2018,RDT.E,18.72
1972,Table 5-6:  DEPARTMENT OF DEFENSE DEFLATORS - BUDGET AUTHORITY BY PUBLIC LAW TITLE,2018,RDT.E,19.74
1973,Table 5-6:  DEPARTMENT OF DEFENSE DEFLATORS - BUDGET AUTHORITY BY PUBLIC LAW TITLE,2018,RDT.E,21.09
1974,Table 5-6:  DEPARTMENT OF DEFENSE DEFLATORS - BUDGET AUTHORITY BY PUBLIC LAW TITLE,2018,RDT.E,23.25
1975,Table 5-6:  DEPARTMENT OF DEFENSE DEFLATORS - BUDGET AUTHORITY BY PUBLIC LAW TITLE,2018,RDT.E,25.55
1976,Table 5-6:  DEPARTMENT OF DEFENSE DEFLATORS - BUDGET AUTHORITY BY PUBLIC LAW TITLE,2018,RDT.E,28.29
1977,Table 5-6:  DEPARTMENT OF DEFENSE DEFLATORS - BUDGET AUTHORITY BY PUBLIC LAW TITLE,2018,RDT.E,29.77
1978,Table 5-6:  DEPARTMENT OF DEFENSE DEFLATORS - BUDGET AUTHORITY BY PUBLIC LAW TITLE,2018,RDT.E,32.36
1979,Table 5-6:  DEPARTMENT OF DEFENSE DEFLATORS - BUDGET AUTHORITY BY PUBLIC LAW TITLE,2018,RDT.E,36.06
1980,Table 5-6:  DEPARTMENT OF DEFENSE DEFLATORS - BUDGET AUTHORITY BY PUBLIC LAW TITLE,2018,RDT.E,39.44
1981,Table 5-6:  DEPARTMENT OF DEFENSE DEFLATORS - BUDGET AUTHORITY BY PUBLIC LAW TITLE,2018,RDT.E,42.72
1982,Table 5-6:  DEPARTMENT OF DEFENSE DEFLATORS - BUDGET AUTHORITY BY PUBLIC LAW TITLE,2018,RDT.E,44.99
1983,Table 5-6:  DEPARTMENT OF DEFENSE DEFLATORS - BUDGET AUTHORITY BY PUBLIC LAW TITLE,2018,RDT.E,46.72
1984,Table 5-6:  DEPARTMENT OF DEFENSE DEFLATORS - BUDGET AUTHORITY BY PUBLIC LAW TITLE,2018,RDT.E,48.47
1985,Table 5-6:  DEPARTMENT OF DEFENSE DEFLATORS - BUDGET AUTHORITY BY PUBLIC LAW TITLE,2018,RDT.E,50
1986,Table 5-6:  DEPARTMENT OF DEFENSE DEFLATORS - BUDGET AUTHORITY BY PUBLIC LAW TITLE,2018,RDT.E,51.3
1987,Table 5-6:  DEPARTMENT OF DEFENSE DEFLATORS - BUDGET AUTHORITY BY PUBLIC LAW TITLE,2018,RDT.E,52.95
1988,Table 5-6:  DEPARTMENT OF DEFENSE DEFLATORS - BUDGET AUTHORITY BY PUBLIC LAW TITLE,2018,RDT.E,55.1
1989,Table 5-6:  DEPARTMENT OF DEFENSE DEFLATORS - BUDGET AUTHORITY BY PUBLIC LAW TITLE,2018,RDT.E,57.38
1990,Table 5-6:  DEPARTMENT OF DEFENSE DEFLATORS - BUDGET AUTHORITY BY PUBLIC LAW TITLE,2018,RDT.E,59.57
1991,Table 5-6:  DEPARTMENT OF DEFENSE DEFLATORS - BUDGET AUTHORITY BY PUBLIC LAW TITLE,2018,RDT.E,61.6
1992,Table 5-6:  DEPARTMENT OF DEFENSE DEFLATORS - BUDGET AUTHORITY BY PUBLIC LAW TITLE,2018,RDT.E,63.21
1993,Table 5-6:  DEPARTMENT OF DEFENSE DEFLATORS - BUDGET AUTHORITY BY PUBLIC LAW TITLE,2018,RDT.E,64.15
1994,Table 5-6:  DEPARTMENT OF DEFENSE DEFLATORS - BUDGET AUTHORITY BY PUBLIC LAW TITLE,2018,RDT.E,65.43
1995,Table 5-6:  DEPARTMENT OF DEFENSE DEFLATORS - BUDGET AUTHORITY BY PUBLIC LAW TITLE,2018,RDT.E,66.77
1996,Table 5-6:  DEPARTMENT OF DEFENSE DEFLATORS - BUDGET AUTHORITY BY PUBLIC LAW TITLE,2018,RDT.E,68.04
1997,Table 5-6:  DEPARTMENT OF DEFENSE DEFLATORS - BUDGET AUTHORITY BY PUBLIC LAW TITLE,2018,RDT.E,69.01
1998,Table 5-6:  DEPARTMENT OF DEFENSE DEFLATORS - BUDGET AUTHORITY BY PUBLIC LAW TITLE,2018,RDT.E,69.86
1999,Table 5-6:  DEPARTMENT OF DEFENSE DEFLATORS - BUDGET AUTHORITY BY PUBLIC LAW TITLE,2018,RDT.E,70.72
2e3,Table 5-6:  DEPARTMENT OF DEFENSE DEFLATORS - BUDGET AUTHORITY BY PUBLIC LAW TITLE,2018,RDT.E,72.07
2001,Table 5-6:  DEPARTMENT OF DEFENSE DEFLATORS - BUDGET AUTHORITY BY PUBLIC LAW TITLE,2018,RDT.E,73.24
2002,Table 5-6:  DEPARTMENT OF DEFENSE DEFLATORS - BUDGET AUTHORITY BY PUBLIC LAW TITLE,2018,RDT.E,74.31
2003,Table 5-6:  DEPARTMENT OF DEFENSE DEFLATORS - BUDGET AUTHORITY BY PUBLIC LAW TITLE,2018,RDT.E,75.71
2004,Table 5-6:  DEPARTMENT OF DEFENSE DEFLATORS - BUDGET AUTHORITY BY PUBLIC LAW TITLE,2018,RDT.E,77.68
2005,Table 5-6:  DEPARTMENT OF DEFENSE DEFLATORS - BUDGET AUTHORITY BY PUBLIC LAW TITLE,2018,RDT.E,79.96
2006,Table 5-6:  DEPARTMENT OF DEFENSE DEFLATORS - BUDGET AUTHORITY BY PUBLIC LAW TITLE,2018,RDT.E,82.2
2007,Table 5-6:  DEPARTMENT OF DEFENSE DEFLATORS - BUDGET AUTHORITY BY PUBLIC LAW TITLE,2018,RDT.E,84.13
2008,Table 5-6:  DEPARTMENT OF DEFENSE DEFLATORS - BUDGET AUTHORITY BY PUBLIC LAW TITLE,2018,RDT.E,85.85
2009,Table 5-6:  DEPARTMENT OF DEFENSE DEFLATORS - BUDGET AUTHORITY BY PUBLIC LAW TITLE,2018,RDT.E,87.08
2010,Table 5-6:  DEPARTMENT OF DEFENSE DEFLATORS - BUDGET AUTHORITY BY PUBLIC LAW TITLE,2018,RDT.E,88.34
2011,Table 5-6:  DEPARTMENT OF DEFENSE DEFLATORS - BUDGET AUTHORITY BY PUBLIC LAW TITLE,2018,RDT.E,89.97
2012,Table 5-6:  DEPARTMENT OF DEFENSE DEFLATORS - BUDGET AUTHORITY BY PUBLIC LAW TITLE,2018,RDT.E,91.32
2013,Table 5-6:  DEPARTMENT OF DEFENSE DEFLATORS - BUDGET AUTHORITY BY PUBLIC LAW TITLE,2018,RDT.E,92.45
2014,Table 5-6:  DEPARTMENT OF DEFENSE DEFLATORS - BUDGET AUTHORITY BY PUBLIC LAW TITLE,2018,RDT.E,93.6
2015,Table 5-6:  DEPARTMENT OF DEFENSE DEFLATORS - BUDGET AUTHORITY BY PUBLIC LAW TITLE,2018,RDT.E,94.75
2016,Table 5-6:  DEPARTMENT OF DEFENSE DEFLATORS - BUDGET AUTHORITY BY PUBLIC LAW TITLE,2018,RDT.E,96.19
2017,Table 5-6:  DEPARTMENT OF DEFENSE DEFLATORS - BUDGET AUTHORITY BY PUBLIC LAW TITLE,2018,RDT.E,98.04
2018,Table 5-6:  DEPARTMENT OF DEFENSE DEFLATORS - BUDGET AUTHORITY BY PUBLIC LAW TITLE,2018,RDT.E,100
1970,Table 5-6:  DEPARTMENT OF DEFENSE DEFLATORS - BUDGET AUTHORITY BY PUBLIC LAW TITLE,2018,Military.Construction,19.05
1971,Table 5-6:  DEPARTMENT OF DEFENSE DEFLATORS - BUDGET AUTHORITY BY PUBLIC LAW TITLE,2018,Military.Construction,21.06
1972,Table 5-6:  DEPARTMENT OF DEFENSE DEFLATORS - BUDGET AUTHORITY BY PUBLIC LAW TITLE,2018,Military.Construction,22.72
1973,Table 5-6:  DEPARTMENT OF DEFENSE DEFLATORS - BUDGET AUTHORITY BY PUBLIC LAW TITLE,2018,Military.Construction,25.29
1974,Table 5-6:  DEPARTMENT OF DEFENSE DEFLATORS - BUDGET AUTHORITY BY PUBLIC LAW TITLE,2018,Military.Construction,28.32
1975,Table 5-6:  DEPARTMENT OF DEFENSE DEFLATORS - BUDGET AUTHORITY BY PUBLIC LAW TITLE,2018,Military.Construction,31.07
1976,Table 5-6:  DEPARTMENT OF DEFENSE DEFLATORS - BUDGET AUTHORITY BY PUBLIC LAW TITLE,2018,Military.Construction,33.38
1977,Table 5-6:  DEPARTMENT OF DEFENSE DEFLATORS - BUDGET AUTHORITY BY PUBLIC LAW TITLE,2018,Military.Construction,33.91
1978,Table 5-6:  DEPARTMENT OF DEFENSE DEFLATORS - BUDGET AUTHORITY BY PUBLIC LAW TITLE,2018,Military.Construction,36.17
1979,Table 5-6:  DEPARTMENT OF DEFENSE DEFLATORS - BUDGET AUTHORITY BY PUBLIC LAW TITLE,2018,Military.Construction,39.41
1980,Table 5-6:  DEPARTMENT OF DEFENSE DEFLATORS - BUDGET AUTHORITY BY PUBLIC LAW TITLE,2018,Military.Construction,41.66
1981,Table 5-6:  DEPARTMENT OF DEFENSE DEFLATORS - BUDGET AUTHORITY BY PUBLIC LAW TITLE,2018,Military.Construction,44.2
1982,Table 5-6:  DEPARTMENT OF DEFENSE DEFLATORS - BUDGET AUTHORITY BY PUBLIC LAW TITLE,2018,Military.Construction,46.05
1983,Table 5-6:  DEPARTMENT OF DEFENSE DEFLATORS - BUDGET AUTHORITY BY PUBLIC LAW TITLE,2018,Military.Construction,47.2
1984,Table 5-6:  DEPARTMENT OF DEFENSE DEFLATORS - BUDGET AUTHORITY BY PUBLIC LAW TITLE,2018,Military.Construction,48.7
1985,Table 5-6:  DEPARTMENT OF DEFENSE DEFLATORS - BUDGET AUTHORITY BY PUBLIC LAW TITLE,2018,Military.Construction,50.56
1986,Table 5-6:  DEPARTMENT OF DEFENSE DEFLATORS - BUDGET AUTHORITY BY PUBLIC LAW TITLE,2018,Military.Construction,52.03
1987,Table 5-6:  DEPARTMENT OF DEFENSE DEFLATORS - BUDGET AUTHORITY BY PUBLIC LAW TITLE,2018,Military.Construction,53.9
1988,Table 5-6:  DEPARTMENT OF DEFENSE DEFLATORS - BUDGET AUTHORITY BY PUBLIC LAW TITLE,2018,Military.Construction,56.22
1989,Table 5-6:  DEPARTMENT OF DEFENSE DEFLATORS - BUDGET AUTHORITY BY PUBLIC LAW TITLE,2018,Military.Construction,58.26
1990,Table 5-6:  DEPARTMENT OF DEFENSE DEFLATORS - BUDGET AUTHORITY BY PUBLIC LAW TITLE,2018,Military.Construction,59.85
1991,Table 5-6:  DEPARTMENT OF DEFENSE DEFLATORS - BUDGET AUTHORITY BY PUBLIC LAW TITLE,2018,Military.Construction,61.49
1992,Table 5-6:  DEPARTMENT OF DEFENSE DEFLATORS - BUDGET AUTHORITY BY PUBLIC LAW TITLE,2018,Military.Construction,63.01
1993,Table 5-6:  DEPARTMENT OF DEFENSE DEFLATORS - BUDGET AUTHORITY BY PUBLIC LAW TITLE,2018,Military.Construction,64.2
1994,Table 5-6:  DEPARTMENT OF DEFENSE DEFLATORS - BUDGET AUTHORITY BY PUBLIC LAW TITLE,2018,Military.Construction,65.59
1995,Table 5-6:  DEPARTMENT OF DEFENSE DEFLATORS - BUDGET AUTHORITY BY PUBLIC LAW TITLE,2018,Military.Construction,66.64
1996,Table 5-6:  DEPARTMENT OF DEFENSE DEFLATORS - BUDGET AUTHORITY BY PUBLIC LAW TITLE,2018,Military.Construction,67.81
1997,Table 5-6:  DEPARTMENT OF DEFENSE DEFLATORS - BUDGET AUTHORITY BY PUBLIC LAW TITLE,2018,Military.Construction,68.48
1998,Table 5-6:  DEPARTMENT OF DEFENSE DEFLATORS - BUDGET AUTHORITY BY PUBLIC LAW TITLE,2018,Military.Construction,69.31
1999,Table 5-6:  DEPARTMENT OF DEFENSE DEFLATORS - BUDGET AUTHORITY BY PUBLIC LAW TITLE,2018,Military.Construction,70.48
2e3,Table 5-6:  DEPARTMENT OF DEFENSE DEFLATORS - BUDGET AUTHORITY BY PUBLIC LAW TITLE,2018,Military.Construction,71.58
2001,Table 5-6:  DEPARTMENT OF DEFENSE DEFLATORS - BUDGET AUTHORITY BY PUBLIC LAW TITLE,2018,Military.Construction,72.9
2002,Table 5-6:  DEPARTMENT OF DEFENSE DEFLATORS - BUDGET AUTHORITY BY PUBLIC LAW TITLE,2018,Military.Construction,74.53
2003,Table 5-6:  DEPARTMENT OF DEFENSE DEFLATORS - BUDGET AUTHORITY BY PUBLIC LAW TITLE,2018,Military.Construction,76.4
2004,Table 5-6:  DEPARTMENT OF DEFENSE DEFLATORS - BUDGET AUTHORITY BY PUBLIC LAW TITLE,2018,Military.Construction,78.45
2005,Table 5-6:  DEPARTMENT OF DEFENSE DEFLATORS - BUDGET AUTHORITY BY PUBLIC LAW TITLE,2018,Military.Construction,80.4
2006,Table 5-6:  DEPARTMENT OF DEFENSE DEFLATORS - BUDGET AUTHORITY BY PUBLIC LAW TITLE,2018,Military.Construction,82.13
2007,Table 5-6:  DEPARTMENT OF DEFENSE DEFLATORS - BUDGET AUTHORITY BY PUBLIC LAW TITLE,2018,Military.Construction,83.6
2008,Table 5-6:  DEPARTMENT OF DEFENSE DEFLATORS - BUDGET AUTHORITY BY PUBLIC LAW TITLE,2018,Military.Construction,84.91
2009,Table 5-6:  DEPARTMENT OF DEFENSE DEFLATORS - BUDGET AUTHORITY BY PUBLIC LAW TITLE,2018,Military.Construction,86.34
2010,Table 5-6:  DEPARTMENT OF DEFENSE DEFLATORS - BUDGET AUTHORITY BY PUBLIC LAW TITLE,2018,Military.Construction,87.41
2011,Table 5-6:  DEPARTMENT OF DEFENSE DEFLATORS - BUDGET AUTHORITY BY PUBLIC LAW TITLE,2018,Military.Construction,88.92
2012,Table 5-6:  DEPARTMENT OF DEFENSE DEFLATORS - BUDGET AUTHORITY BY PUBLIC LAW TITLE,2018,Military.Construction,90.17
2013,Table 5-6:  DEPARTMENT OF DEFENSE DEFLATORS - BUDGET AUTHORITY BY PUBLIC LAW TITLE,2018,Military.Construction,91.44
2014,Table 5-6:  DEPARTMENT OF DEFENSE DEFLATORS - BUDGET AUTHORITY BY PUBLIC LAW TITLE,2018,Military.Construction,92.8
2015,Table 5-6:  DEPARTMENT OF DEFENSE DEFLATORS - BUDGET AUTHORITY BY PUBLIC LAW TITLE,2018,Military.Construction,94.4
2016,Table 5-6:  DEPARTMENT OF DEFENSE DEFLATORS - BUDGET AUTHORITY BY PUBLIC LAW TITLE,2018,Military.Construction,96.13
2017,Table 5-6:  DEPARTMENT OF DEFENSE DEFLATORS - BUDGET AUTHORITY BY PUBLIC LAW TITLE,2018,Military.Construction,98.04
2018,Table 5-6:  DEPARTMENT OF DEFENSE DEFLATORS - BUDGET AUTHORITY BY PUBLIC LAW TITLE,2018,Military.Construction,100
1970,Table 5-6:  DEPARTMENT OF DEFENSE DEFLATORS - BUDGET AUTHORITY BY PUBLIC LAW TITLE,2018,Family.Housing,17.21
1971,Table 5-6:  DEPARTMENT OF DEFENSE DEFLATORS - BUDGET AUTHORITY BY PUBLIC LAW TITLE,2018,Family.Housing,18.39
1972,Table 5-6:  DEPARTMENT OF DEFENSE DEFLATORS - BUDGET AUTHORITY BY PUBLIC LAW TITLE,2018,Family.Housing,19.28
1973,Table 5-6:  DEPARTMENT OF DEFENSE DEFLATORS - BUDGET AUTHORITY BY PUBLIC LAW TITLE,2018,Family.Housing,20.11
1974,Table 5-6:  DEPARTMENT OF DEFENSE DEFLATORS - BUDGET AUTHORITY BY PUBLIC LAW TITLE,2018,Family.Housing,21.45
1975,Table 5-6:  DEPARTMENT OF DEFENSE DEFLATORS - BUDGET AUTHORITY BY PUBLIC LAW TITLE,2018,Family.Housing,24.28
1976,Table 5-6:  DEPARTMENT OF DEFENSE DEFLATORS - BUDGET AUTHORITY BY PUBLIC LAW TITLE,2018,Family.Housing,26.08
1977,Table 5-6:  DEPARTMENT OF DEFENSE DEFLATORS - BUDGET AUTHORITY BY PUBLIC LAW TITLE,2018,Family.Housing,28.3
1978,Table 5-6:  DEPARTMENT OF DEFENSE DEFLATORS - BUDGET AUTHORITY BY PUBLIC LAW TITLE,2018,Family.Housing,30.29
1979,Table 5-6:  DEPARTMENT OF DEFENSE DEFLATORS - BUDGET AUTHORITY BY PUBLIC LAW TITLE,2018,Family.Housing,34.26
1980,Table 5-6:  DEPARTMENT OF DEFENSE DEFLATORS - BUDGET AUTHORITY BY PUBLIC LAW TITLE,2018,Family.Housing,39.56
1981,Table 5-6:  DEPARTMENT OF DEFENSE DEFLATORS - BUDGET AUTHORITY BY PUBLIC LAW TITLE,2018,Family.Housing,43.18
1982,Table 5-6:  DEPARTMENT OF DEFENSE DEFLATORS - BUDGET AUTHORITY BY PUBLIC LAW TITLE,2018,Family.Housing,46.36
1983,Table 5-6:  DEPARTMENT OF DEFENSE DEFLATORS - BUDGET AUTHORITY BY PUBLIC LAW TITLE,2018,Family.Housing,47.82
1984,Table 5-6:  DEPARTMENT OF DEFENSE DEFLATORS - BUDGET AUTHORITY BY PUBLIC LAW TITLE,2018,Family.Housing,49.04
1985,Table 5-6:  DEPARTMENT OF DEFENSE DEFLATORS - BUDGET AUTHORITY BY PUBLIC LAW TITLE,2018,Family.Housing,50.55
1986,Table 5-6:  DEPARTMENT OF DEFENSE DEFLATORS - BUDGET AUTHORITY BY PUBLIC LAW TITLE,2018,Family.Housing,51.89
1987,Table 5-6:  DEPARTMENT OF DEFENSE DEFLATORS - BUDGET AUTHORITY BY PUBLIC LAW TITLE,2018,Family.Housing,53.6
1988,Table 5-6:  DEPARTMENT OF DEFENSE DEFLATORS - BUDGET AUTHORITY BY PUBLIC LAW TITLE,2018,Family.Housing,55.51
1989,Table 5-6:  DEPARTMENT OF DEFENSE DEFLATORS - BUDGET AUTHORITY BY PUBLIC LAW TITLE,2018,Family.Housing,57.61
1990,Table 5-6:  DEPARTMENT OF DEFENSE DEFLATORS - BUDGET AUTHORITY BY PUBLIC LAW TITLE,2018,Family.Housing,59.59
1991,Table 5-6:  DEPARTMENT OF DEFENSE DEFLATORS - BUDGET AUTHORITY BY PUBLIC LAW TITLE,2018,Family.Housing,61.98
1992,Table 5-6:  DEPARTMENT OF DEFENSE DEFLATORS - BUDGET AUTHORITY BY PUBLIC LAW TITLE,2018,Family.Housing,63.36
1993,Table 5-6:  DEPARTMENT OF DEFENSE DEFLATORS - BUDGET AUTHORITY BY PUBLIC LAW TITLE,2018,Family.Housing,64.69
1994,Table 5-6:  DEPARTMENT OF DEFENSE DEFLATORS - BUDGET AUTHORITY BY PUBLIC LAW TITLE,2018,Family.Housing,66.04
1995,Table 5-6:  DEPARTMENT OF DEFENSE DEFLATORS - BUDGET AUTHORITY BY PUBLIC LAW TITLE,2018,Family.Housing,66.95
1996,Table 5-6:  DEPARTMENT OF DEFENSE DEFLATORS - BUDGET AUTHORITY BY PUBLIC LAW TITLE,2018,Family.Housing,68.29
1997,Table 5-6:  DEPARTMENT OF DEFENSE DEFLATORS - BUDGET AUTHORITY BY PUBLIC LAW TITLE,2018,Family.Housing,69.22
1998,Table 5-6:  DEPARTMENT OF DEFENSE DEFLATORS - BUDGET AUTHORITY BY PUBLIC LAW TITLE,2018,Family.Housing,69.95
1999,Table 5-6:  DEPARTMENT OF DEFENSE DEFLATORS - BUDGET AUTHORITY BY PUBLIC LAW TITLE,2018,Family.Housing,70.9
2e3,Table 5-6:  DEPARTMENT OF DEFENSE DEFLATORS - BUDGET AUTHORITY BY PUBLIC LAW TITLE,2018,Family.Housing,71.87
2001,Table 5-6:  DEPARTMENT OF DEFENSE DEFLATORS - BUDGET AUTHORITY BY PUBLIC LAW TITLE,2018,Family.Housing,73.19
2002,Table 5-6:  DEPARTMENT OF DEFENSE DEFLATORS - BUDGET AUTHORITY BY PUBLIC LAW TITLE,2018,Family.Housing,74.26
2003,Table 5-6:  DEPARTMENT OF DEFENSE DEFLATORS - BUDGET AUTHORITY BY PUBLIC LAW TITLE,2018,Family.Housing,75.56
2004,Table 5-6:  DEPARTMENT OF DEFENSE DEFLATORS - BUDGET AUTHORITY BY PUBLIC LAW TITLE,2018,Family.Housing,77.47
2005,Table 5-6:  DEPARTMENT OF DEFENSE DEFLATORS - BUDGET AUTHORITY BY PUBLIC LAW TITLE,2018,Family.Housing,80.12
2006,Table 5-6:  DEPARTMENT OF DEFENSE DEFLATORS - BUDGET AUTHORITY BY PUBLIC LAW TITLE,2018,Family.Housing,82.1
2007,Table 5-6:  DEPARTMENT OF DEFENSE DEFLATORS - BUDGET AUTHORITY BY PUBLIC LAW TITLE,2018,Family.Housing,83.72
2008,Table 5-6:  DEPARTMENT OF DEFENSE DEFLATORS - BUDGET AUTHORITY BY PUBLIC LAW TITLE,2018,Family.Housing,85.69
2009,Table 5-6:  DEPARTMENT OF DEFENSE DEFLATORS - BUDGET AUTHORITY BY PUBLIC LAW TITLE,2018,Family.Housing,86.63
2010,Table 5-6:  DEPARTMENT OF DEFENSE DEFLATORS - BUDGET AUTHORITY BY PUBLIC LAW TITLE,2018,Family.Housing,88.34
2011,Table 5-6:  DEPARTMENT OF DEFENSE DEFLATORS - BUDGET AUTHORITY BY PUBLIC LAW TITLE,2018,Family.Housing,90.12
2012,Table 5-6:  DEPARTMENT OF DEFENSE DEFLATORS - BUDGET AUTHORITY BY PUBLIC LAW TITLE,2018,Family.Housing,91.79
2013,Table 5-6:  DEPARTMENT OF DEFENSE DEFLATORS - BUDGET AUTHORITY BY PUBLIC LAW TITLE,2018,Family.Housing,93.39
2014,Table 5-6:  DEPARTMENT OF DEFENSE DEFLATORS - BUDGET AUTHORITY BY PUBLIC LAW TITLE,2018,Family.Housing,94.5
2015,Table 5-6:  DEPARTMENT OF DEFENSE DEFLATORS - BUDGET AUTHORITY BY PUBLIC LAW TITLE,2018,Family.Housing,95.84
2016,Table 5-6:  DEPARTMENT OF DEFENSE DEFLATORS - BUDGET AUTHORITY BY PUBLIC LAW TITLE,2018,Family.Housing,96.38
2017,Table 5-6:  DEPARTMENT OF DEFENSE DEFLATORS - BUDGET AUTHORITY BY PUBLIC LAW TITLE,2018,Family.Housing,98.14
2018,Table 5-6:  DEPARTMENT OF DEFENSE DEFLATORS - BUDGET AUTHORITY BY PUBLIC LAW TITLE,2018,Family.Housing,100
1970,Table 5-6:  DEPARTMENT OF DEFENSE DEFLATORS - BUDGET AUTHORITY BY PUBLIC LAW TITLE,2018,Revolving...Management.Funds,18.39
1971,Table 5-6:  DEPARTMENT OF DEFENSE DEFLATORS - BUDGET AUTHORITY BY PUBLIC LAW TITLE,2018,Revolving...Management.Funds,NA
1972,Table 5-6:  DEPARTMENT OF DEFENSE DEFLATORS - BUDGET AUTHORITY BY PUBLIC LAW TITLE,2018,Revolving...Management.Funds,NA
1973,Table 5-6:  DEPARTMENT OF DEFENSE DEFLATORS - BUDGET AUTHORITY BY PUBLIC LAW TITLE,2018,Revolving...Management.Funds,NA
1974,Table 5-6:  DEPARTMENT OF DEFENSE DEFLATORS - BUDGET AUTHORITY BY PUBLIC LAW TITLE,2018,Revolving...Management.Funds,NA
1975,Table 5-6:  DEPARTMENT OF DEFENSE DEFLATORS - BUDGET AUTHORITY BY PUBLIC LAW TITLE,2018,Revolving...Management.Funds,25.34
1976,Table 5-6:  DEPARTMENT OF DEFENSE DEFLATORS - BUDGET AUTHORITY BY PUBLIC LAW TITLE,2018,Revolving...Management.Funds,27.24
1977,Table 5-6:  DEPARTMENT OF DEFENSE DEFLATORS - BUDGET AUTHORITY BY PUBLIC LAW TITLE,2018,Revolving...Management.Funds,29.47
1978,Table 5-6:  DEPARTMENT OF DEFENSE DEFLATORS - BUDGET AUTHORITY BY PUBLIC LAW TITLE,2018,Revolving...Management.Funds,31.56
1979,Table 5-6:  DEPARTMENT OF DEFENSE DEFLATORS - BUDGET AUTHORITY BY PUBLIC LAW TITLE,2018,Revolving...Management.Funds,34.43
1980,Table 5-6:  DEPARTMENT OF DEFENSE DEFLATORS - BUDGET AUTHORITY BY PUBLIC LAW TITLE,2018,Revolving...Management.Funds,38.08
1981,Table 5-6:  DEPARTMENT OF DEFENSE DEFLATORS - BUDGET AUTHORITY BY PUBLIC LAW TITLE,2018,Revolving...Management.Funds,42.12
1982,Table 5-6:  DEPARTMENT OF DEFENSE DEFLATORS - BUDGET AUTHORITY BY PUBLIC LAW TITLE,2018,Revolving...Management.Funds,45.32
1983,Table 5-6:  DEPARTMENT OF DEFENSE DEFLATORS - BUDGET AUTHORITY BY PUBLIC LAW TITLE,2018,Revolving...Management.Funds,47.13
1984,Table 5-6:  DEPARTMENT OF DEFENSE DEFLATORS - BUDGET AUTHORITY BY PUBLIC LAW TITLE,2018,Revolving...Management.Funds,48.92
1985,Table 5-6:  DEPARTMENT OF DEFENSE DEFLATORS - BUDGET AUTHORITY BY PUBLIC LAW TITLE,2018,Revolving...Management.Funds,50.59
1986,Table 5-6:  DEPARTMENT OF DEFENSE DEFLATORS - BUDGET AUTHORITY BY PUBLIC LAW TITLE,2018,Revolving...Management.Funds,52
1987,Table 5-6:  DEPARTMENT OF DEFENSE DEFLATORS - BUDGET AUTHORITY BY PUBLIC LAW TITLE,2018,Revolving...Management.Funds,53.41
1988,Table 5-6:  DEPARTMENT OF DEFENSE DEFLATORS - BUDGET AUTHORITY BY PUBLIC LAW TITLE,2018,Revolving...Management.Funds,55.01
1989,Table 5-6:  DEPARTMENT OF DEFENSE DEFLATORS - BUDGET AUTHORITY BY PUBLIC LAW TITLE,2018,Revolving...Management.Funds,57.32
1990,Table 5-6:  DEPARTMENT OF DEFENSE DEFLATORS - BUDGET AUTHORITY BY PUBLIC LAW TITLE,2018,Revolving...Management.Funds,59.67
1991,Table 5-6:  DEPARTMENT OF DEFENSE DEFLATORS - BUDGET AUTHORITY BY PUBLIC LAW TITLE,2018,Revolving...Management.Funds,62.24
1992,Table 5-6:  DEPARTMENT OF DEFENSE DEFLATORS - BUDGET AUTHORITY BY PUBLIC LAW TITLE,2018,Revolving...Management.Funds,62.4
1993,Table 5-6:  DEPARTMENT OF DEFENSE DEFLATORS - BUDGET AUTHORITY BY PUBLIC LAW TITLE,2018,Revolving...Management.Funds,63.67
1994,Table 5-6:  DEPARTMENT OF DEFENSE DEFLATORS - BUDGET AUTHORITY BY PUBLIC LAW TITLE,2018,Revolving...Management.Funds,64.01
1995,Table 5-6:  DEPARTMENT OF DEFENSE DEFLATORS - BUDGET AUTHORITY BY PUBLIC LAW TITLE,2018,Revolving...Management.Funds,66.08
1996,Table 5-6:  DEPARTMENT OF DEFENSE DEFLATORS - BUDGET AUTHORITY BY PUBLIC LAW TITLE,2018,Revolving...Management.Funds,65.79
1997,Table 5-6:  DEPARTMENT OF DEFENSE DEFLATORS - BUDGET AUTHORITY BY PUBLIC LAW TITLE,2018,Revolving...Management.Funds,69.16
1998,Table 5-6:  DEPARTMENT OF DEFENSE DEFLATORS - BUDGET AUTHORITY BY PUBLIC LAW TITLE,2018,Revolving...Management.Funds,67.5
1999,Table 5-6:  DEPARTMENT OF DEFENSE DEFLATORS - BUDGET AUTHORITY BY PUBLIC LAW TITLE,2018,Revolving...Management.Funds,71.79
2e3,Table 5-6:  DEPARTMENT OF DEFENSE DEFLATORS - BUDGET AUTHORITY BY PUBLIC LAW TITLE,2018,Revolving...Management.Funds,72.87
2001,Table 5-6:  DEPARTMENT OF DEFENSE DEFLATORS - BUDGET AUTHORITY BY PUBLIC LAW TITLE,2018,Revolving...Management.Funds,74.13
2002,Table 5-6:  DEPARTMENT OF DEFENSE DEFLATORS - BUDGET AUTHORITY BY PUBLIC LAW TITLE,2018,Revolving...Management.Funds,74.79
2003,Table 5-6:  DEPARTMENT OF DEFENSE DEFLATORS - BUDGET AUTHORITY BY PUBLIC LAW TITLE,2018,Revolving...Management.Funds,75.75
2004,Table 5-6:  DEPARTMENT OF DEFENSE DEFLATORS - BUDGET AUTHORITY BY PUBLIC LAW TITLE,2018,Revolving...Management.Funds,77.34
2005,Table 5-6:  DEPARTMENT OF DEFENSE DEFLATORS - BUDGET AUTHORITY BY PUBLIC LAW TITLE,2018,Revolving...Management.Funds,79.53
2006,Table 5-6:  DEPARTMENT OF DEFENSE DEFLATORS - BUDGET AUTHORITY BY PUBLIC LAW TITLE,2018,Revolving...Management.Funds,81.9
2007,Table 5-6:  DEPARTMENT OF DEFENSE DEFLATORS - BUDGET AUTHORITY BY PUBLIC LAW TITLE,2018,Revolving...Management.Funds,83.95
2008,Table 5-6:  DEPARTMENT OF DEFENSE DEFLATORS - BUDGET AUTHORITY BY PUBLIC LAW TITLE,2018,Revolving...Management.Funds,85.85
2009,Table 5-6:  DEPARTMENT OF DEFENSE DEFLATORS - BUDGET AUTHORITY BY PUBLIC LAW TITLE,2018,Revolving...Management.Funds,88.18
2010,Table 5-6:  DEPARTMENT OF DEFENSE DEFLATORS - BUDGET AUTHORITY BY PUBLIC LAW TITLE,2018,Revolving...Management.Funds,89.41
2011,Table 5-6:  DEPARTMENT OF DEFENSE DEFLATORS - BUDGET AUTHORITY BY PUBLIC LAW TITLE,2018,Revolving...Management.Funds,89.46
2012,Table 5-6:  DEPARTMENT OF DEFENSE DEFLATORS - BUDGET AUTHORITY BY PUBLIC LAW TITLE,2018,Revolving...Management.Funds,91.54
2013,Table 5-6:  DEPARTMENT OF DEFENSE DEFLATORS - BUDGET AUTHORITY BY PUBLIC LAW TITLE,2018,Revolving...Management.Funds,92.56
2014,Table 5-6:  DEPARTMENT OF DEFENSE DEFLATORS - BUDGET AUTHORITY BY PUBLIC LAW TITLE,2018,Revolving...Management.Funds,93.97
2015,Table 5-6:  DEPARTMENT OF DEFENSE DEFLATORS - BUDGET AUTHORITY BY PUBLIC LAW TITLE,2018,Revolving...Management.Funds,95.02
2016,Table 5-6:  DEPARTMENT OF DEFENSE DEFLATORS - BUDGET AUTHORITY BY PUBLIC LAW TITLE,2018,Revolving...Management.Funds,96.27
2017,Table 5-6:  DEPARTMENT OF DEFENSE DEFLATORS - BUDGET AUTHORITY BY PUBLIC LAW TITLE,2018,Revolving...Management.Funds,98.04
2018,Table 5-6:  DEPARTMENT OF DEFENSE DEFLATORS - BUDGET AUTHORITY BY PUBLIC LAW TITLE,2018,Revolving...Management.Funds,100
1970,Table 5-6:  DEPARTMENT OF DEFENSE DEFLATORS - BUDGET AUTHORITY BY PUBLIC LAW TITLE,2018,Special.Foreign.Currency,18.39
1971,Table 5-6:  DEPARTMENT OF DEFENSE DEFLATORS - BUDGET AUTHORITY BY PUBLIC LAW TITLE,2018,Special.Foreign.Currency,19.23
1972,Table 5-6:  DEPARTMENT OF DEFENSE DEFLATORS - BUDGET AUTHORITY BY PUBLIC LAW TITLE,2018,Special.Foreign.Currency,19.96
1973,Table 5-6:  DEPARTMENT OF DEFENSE DEFLATORS - BUDGET AUTHORITY BY PUBLIC LAW TITLE,2018,Special.Foreign.Currency,20.79
1974,Table 5-6:  DEPARTMENT OF DEFENSE DEFLATORS - BUDGET AUTHORITY BY PUBLIC LAW TITLE,2018,Special.Foreign.Currency,22.02
1975,Table 5-6:  DEPARTMENT OF DEFENSE DEFLATORS - BUDGET AUTHORITY BY PUBLIC LAW TITLE,2018,Special.Foreign.Currency,25.34
1976,Table 5-6:  DEPARTMENT OF DEFENSE DEFLATORS - BUDGET AUTHORITY BY PUBLIC LAW TITLE,2018,Special.Foreign.Currency,27.24
1977,Table 5-6:  DEPARTMENT OF DEFENSE DEFLATORS - BUDGET AUTHORITY BY PUBLIC LAW TITLE,2018,Special.Foreign.Currency,29.47
1978,Table 5-6:  DEPARTMENT OF DEFENSE DEFLATORS - BUDGET AUTHORITY BY PUBLIC LAW TITLE,2018,Special.Foreign.Currency,31.56
1979,Table 5-6:  DEPARTMENT OF DEFENSE DEFLATORS - BUDGET AUTHORITY BY PUBLIC LAW TITLE,2018,Special.Foreign.Currency,34.43
1980,Table 5-6:  DEPARTMENT OF DEFENSE DEFLATORS - BUDGET AUTHORITY BY PUBLIC LAW TITLE,2018,Special.Foreign.Currency,38.08
1981,Table 5-6:  DEPARTMENT OF DEFENSE DEFLATORS - BUDGET AUTHORITY BY PUBLIC LAW TITLE,2018,Special.Foreign.Currency,42.12
1982,Table 5-6:  DEPARTMENT OF DEFENSE DEFLATORS - BUDGET AUTHORITY BY PUBLIC LAW TITLE,2018,Special.Foreign.Currency,45.32
1983,Table 5-6:  DEPARTMENT OF DEFENSE DEFLATORS - BUDGET AUTHORITY BY PUBLIC LAW TITLE,2018,Special.Foreign.Currency,47.13
1984,Table 5-6:  DEPARTMENT OF DEFENSE DEFLATORS - BUDGET AUTHORITY BY PUBLIC LAW TITLE,2018,Special.Foreign.Currency,48.92
1985,Table 5-6:  DEPARTMENT OF DEFENSE DEFLATORS - BUDGET AUTHORITY BY PUBLIC LAW TITLE,2018,Special.Foreign.Currency,50.59
1986,Table 5-6:  DEPARTMENT OF DEFENSE DEFLATORS - BUDGET AUTHORITY BY PUBLIC LAW TITLE,2018,Special.Foreign.Currency,52
1987,Table 5-6:  DEPARTMENT OF DEFENSE DEFLATORS - BUDGET AUTHORITY BY PUBLIC LAW TITLE,2018,Special.Foreign.Currency,53.41
1988,Table 5-6:  DEPARTMENT OF DEFENSE DEFLATORS - BUDGET AUTHORITY BY PUBLIC LAW TITLE,2018,Special.Foreign.Currency,NA
1989,Table 5-6:  DEPARTMENT OF DEFENSE DEFLATORS - BUDGET AUTHORITY BY PUBLIC LAW TITLE,2018,Special.Foreign.Currency,NA
1990,Table 5-6:  DEPARTMENT OF DEFENSE DEFLATORS - BUDGET AUTHORITY BY PUBLIC LAW TITLE,2018,Special.Foreign.Currency,NA
1991,Table 5-6:  DEPARTMENT OF DEFENSE DEFLATORS - BUDGET AUTHORITY BY PUBLIC LAW TITLE,2018,Special.Foreign.Currency,NA
1992,Table 5-6:  DEPARTMENT OF DEFENSE DEFLATORS - BUDGET AUTHORITY BY PUBLIC LAW TITLE,2018,Special.Foreign.Currency,NA
1993,Table 5-6:  DEPARTMENT OF DEFENSE DEFLATORS - BUDGET AUTHORITY BY PUBLIC LAW TITLE,2018,Special.Foreign.Currency,NA
1994,Table 5-6:  DEPARTMENT OF DEFENSE DEFLATORS - BUDGET AUTHORITY BY PUBLIC LAW TITLE,2018,Special.Foreign.Currency,NA
1995,Table 5-6:  DEPARTMENT OF DEFENSE DEFLATORS - BUDGET AUTHORITY BY PUBLIC LAW TITLE,2018,Special.Foreign.Currency,NA
1996,Table 5-6:  DEPARTMENT OF DEFENSE DEFLATORS - BUDGET AUTHORITY BY PUBLIC LAW TITLE,2018,Special.Foreign.Currency,NA
1997,Table 5-6:  DEPARTMENT OF DEFENSE DEFLATORS - BUDGET AUTHORITY BY PUBLIC LAW TITLE,2018,Special.Foreign.Currency,NA
1998,Table 5-6:  DEPARTMENT OF DEFENSE DEFLATORS - BUDGET AUTHORITY BY PUBLIC LAW TITLE,2018,Special.Foreign.Currency,NA
1999,Table 5-6:  DEPARTMENT OF DEFENSE DEFLATORS - BUDGET AUTHORITY BY PUBLIC LAW TITLE,2018,Special.Foreign.Currency,NA
2e3,Table 5-6:  DEPARTMENT OF DEFENSE DEFLATORS - BUDGET AUTHORITY BY PUBLIC LAW TITLE,2018,Special.Foreign.Currency,NA
2001,Table 5-6:  DEPARTMENT OF DEFENSE DEFLATORS - BUDGET AUTHORITY BY PUBLIC LAW TITLE,2018,Special.Foreign.Currency,NA
2002,Table 5-6:  DEPARTMENT OF DEFENSE DEFLATORS - BUDGET AUTHORITY BY PUBLIC LAW TITLE,2018,Special.Foreign.Currency,NA
2003,Table 5-6:  DEPARTMENT OF DEFENSE DEFLATORS - BUDGET AUTHORITY BY PUBLIC LAW TITLE,2018,Special.Foreign.Currency,NA
2004,Table 5-6:  DEPARTMENT OF DEFENSE DEFLATORS - BUDGET AUTHORITY BY PUBLIC LAW TITLE,2018,Special.Foreign.Currency,NA
2005,Table 5-6:  DEPARTMENT OF DEFENSE DEFLATORS - BUDGET AUTHORITY BY PUBLIC LAW TITLE,2018,Special.Foreign.Currency,NA
2006,Table 5-6:  DEPARTMENT OF DEFENSE DEFLATORS - BUDGET AUTHORITY BY PUBLIC LAW TITLE,2018,Special.Foreign.Currency,NA
2007,Table 5-6:  DEPARTMENT OF DEFENSE DEFLATORS - BUDGET AUTHORITY BY PUBLIC LAW TITLE,2018,Special.Foreign.Currency,NA
2008,Table 5-6:  DEPARTMENT OF DEFENSE DEFLATORS - BUDGET AUTHORITY BY PUBLIC LAW TITLE,2018,Special.Foreign.Currency,NA
2009,Table 5-6:  DEPARTMENT OF DEFENSE DEFLATORS - BUDGET AUTHORITY BY PUBLIC LAW TITLE,2018,Special.Foreign.Currency,NA
2010,Table 5-6:  DEPARTMENT OF DEFENSE DEFLATORS - BUDGET AUTHORITY BY PUBLIC LAW TITLE,2018,Special.Foreign.Currency,NA
2011,Table 5-6:  DEPARTMENT OF DEFENSE DEFLATORS - BUDGET AUTHORITY BY PUBLIC LAW TITLE,2018,Special.Foreign.Currency,NA
2012,Table 5-6:  DEPARTMENT OF DEFENSE DEFLATORS - BUDGET AUTHORITY BY PUBLIC LAW TITLE,2018,Special.Foreign.Currency,NA
2013,Table 5-6:  DEPARTMENT OF DEFENSE DEFLATORS - BUDGET AUTHORITY BY PUBLIC LAW TITLE,2018,Special.Foreign.Currency,NA
2014,Table 5-6:  DEPARTMENT OF DEFENSE DEFLATORS - BUDGET AUTHORITY BY PUBLIC LAW TITLE,2018,Special.Foreign.Currency,NA
2015,Table 5-6:  DEPARTMENT OF DEFENSE DEFLATORS - BUDGET AUTHORITY BY PUBLIC LAW TITLE,2018,Special.Foreign.Currency,NA
2016,Table 5-6:  DEPARTMENT OF DEFENSE DEFLATORS - BUDGET AUTHORITY BY PUBLIC LAW TITLE,2018,Special.Foreign.Currency,NA
2017,Table 5-6:  DEPARTMENT OF DEFENSE DEFLATORS - BUDGET AUTHORITY BY PUBLIC LAW TITLE,2018,Special.Foreign.Currency,NA
2018,Table 5-6:  DEPARTMENT OF DEFENSE DEFLATORS - BUDGET AUTHORITY BY PUBLIC LAW TITLE,2018,Special.Foreign.Currency,NA
1970,Table 5-6:  DEPARTMENT OF DEFENSE DEFLATORS - BUDGET AUTHORITY BY PUBLIC LAW TITLE,2018,Offsetting.Receipts,18.39
1971,Table 5-6:  DEPARTMENT OF DEFENSE DEFLATORS - BUDGET AUTHORITY BY PUBLIC LAW TITLE,2018,Offsetting.Receipts,19.23
1972,Table 5-6:  DEPARTMENT OF DEFENSE DEFLATORS - BUDGET AUTHORITY BY PUBLIC LAW TITLE,2018,Offsetting.Receipts,19.96
1973,Table 5-6:  DEPARTMENT OF DEFENSE DEFLATORS - BUDGET AUTHORITY BY PUBLIC LAW TITLE,2018,Offsetting.Receipts,20.79
1974,Table 5-6:  DEPARTMENT OF DEFENSE DEFLATORS - BUDGET AUTHORITY BY PUBLIC LAW TITLE,2018,Offsetting.Receipts,22.02
1975,Table 5-6:  DEPARTMENT OF DEFENSE DEFLATORS - BUDGET AUTHORITY BY PUBLIC LAW TITLE,2018,Offsetting.Receipts,25.34
1976,Table 5-6:  DEPARTMENT OF DEFENSE DEFLATORS - BUDGET AUTHORITY BY PUBLIC LAW TITLE,2018,Offsetting.Receipts,27.24
1977,Table 5-6:  DEPARTMENT OF DEFENSE DEFLATORS - BUDGET AUTHORITY BY PUBLIC LAW TITLE,2018,Offsetting.Receipts,29.47
1978,Table 5-6:  DEPARTMENT OF DEFENSE DEFLATORS - BUDGET AUTHORITY BY PUBLIC LAW TITLE,2018,Offsetting.Receipts,31.56
1979,Table 5-6:  DEPARTMENT OF DEFENSE DEFLATORS - BUDGET AUTHORITY BY PUBLIC LAW TITLE,2018,Offsetting.Receipts,34.43
1980,Table 5-6:  DEPARTMENT OF DEFENSE DEFLATORS - BUDGET AUTHORITY BY PUBLIC LAW TITLE,2018,Offsetting.Receipts,38.08
1981,Table 5-6:  DEPARTMENT OF DEFENSE DEFLATORS - BUDGET AUTHORITY BY PUBLIC LAW TITLE,2018,Offsetting.Receipts,42.12
1982,Table 5-6:  DEPARTMENT OF DEFENSE DEFLATORS - BUDGET AUTHORITY BY PUBLIC LAW TITLE,2018,Offsetting.Receipts,45.32
1983,Table 5-6:  DEPARTMENT OF DEFENSE DEFLATORS - BUDGET AUTHORITY BY PUBLIC LAW TITLE,2018,Offsetting.Receipts,47.13
1984,Table 5-6:  DEPARTMENT OF DEFENSE DEFLATORS - BUDGET AUTHORITY BY PUBLIC LAW TITLE,2018,Offsetting.Receipts,48.92
1985,Table 5-6:  DEPARTMENT OF DEFENSE DEFLATORS - BUDGET AUTHORITY BY PUBLIC LAW TITLE,2018,Offsetting.Receipts,50.59
1986,Table 5-6:  DEPARTMENT OF DEFENSE DEFLATORS - BUDGET AUTHORITY BY PUBLIC LAW TITLE,2018,Offsetting.Receipts,52
1987,Table 5-6:  DEPARTMENT OF DEFENSE DEFLATORS - BUDGET AUTHORITY BY PUBLIC LAW TITLE,2018,Offsetting.Receipts,53.41
1988,Table 5-6:  DEPARTMENT OF DEFENSE DEFLATORS - BUDGET AUTHORITY BY PUBLIC LAW TITLE,2018,Offsetting.Receipts,55.01
1989,Table 5-6:  DEPARTMENT OF DEFENSE DEFLATORS - BUDGET AUTHORITY BY PUBLIC LAW TITLE,2018,Offsetting.Receipts,57.32
1990,Table 5-6:  DEPARTMENT OF DEFENSE DEFLATORS - BUDGET AUTHORITY BY PUBLIC LAW TITLE,2018,Offsetting.Receipts,59.67
1991,Table 5-6:  DEPARTMENT OF DEFENSE DEFLATORS - BUDGET AUTHORITY BY PUBLIC LAW TITLE,2018,Offsetting.Receipts,62.24
1992,Table 5-6:  DEPARTMENT OF DEFENSE DEFLATORS - BUDGET AUTHORITY BY PUBLIC LAW TITLE,2018,Offsetting.Receipts,64.1
1993,Table 5-6:  DEPARTMENT OF DEFENSE DEFLATORS - BUDGET AUTHORITY BY PUBLIC LAW TITLE,2018,Offsetting.Receipts,65.64
1994,Table 5-6:  DEPARTMENT OF DEFENSE DEFLATORS - BUDGET AUTHORITY BY PUBLIC LAW TITLE,2018,Offsetting.Receipts,66.96
1995,Table 5-6:  DEPARTMENT OF DEFENSE DEFLATORS - BUDGET AUTHORITY BY PUBLIC LAW TITLE,2018,Offsetting.Receipts,68.23
1996,Table 5-6:  DEPARTMENT OF DEFENSE DEFLATORS - BUDGET AUTHORITY BY PUBLIC LAW TITLE,2018,Offsetting.Receipts,69.59
1997,Table 5-6:  DEPARTMENT OF DEFENSE DEFLATORS - BUDGET AUTHORITY BY PUBLIC LAW TITLE,2018,Offsetting.Receipts,70.84
1998,Table 5-6:  DEPARTMENT OF DEFENSE DEFLATORS - BUDGET AUTHORITY BY PUBLIC LAW TITLE,2018,Offsetting.Receipts,71.34
1999,Table 5-6:  DEPARTMENT OF DEFENSE DEFLATORS - BUDGET AUTHORITY BY PUBLIC LAW TITLE,2018,Offsetting.Receipts,71.91
2e3,Table 5-6:  DEPARTMENT OF DEFENSE DEFLATORS - BUDGET AUTHORITY BY PUBLIC LAW TITLE,2018,Offsetting.Receipts,72.92
2001,Table 5-6:  DEPARTMENT OF DEFENSE DEFLATORS - BUDGET AUTHORITY BY PUBLIC LAW TITLE,2018,Offsetting.Receipts,74.3
2002,Table 5-6:  DEPARTMENT OF DEFENSE DEFLATORS - BUDGET AUTHORITY BY PUBLIC LAW TITLE,2018,Offsetting.Receipts,74.9
2003,Table 5-6:  DEPARTMENT OF DEFENSE DEFLATORS - BUDGET AUTHORITY BY PUBLIC LAW TITLE,2018,Offsetting.Receipts,75.65
2004,Table 5-6:  DEPARTMENT OF DEFENSE DEFLATORS - BUDGET AUTHORITY BY PUBLIC LAW TITLE,2018,Offsetting.Receipts,77.16
2005,Table 5-6:  DEPARTMENT OF DEFENSE DEFLATORS - BUDGET AUTHORITY BY PUBLIC LAW TITLE,2018,Offsetting.Receipts,79.32
2006,Table 5-6:  DEPARTMENT OF DEFENSE DEFLATORS - BUDGET AUTHORITY BY PUBLIC LAW TITLE,2018,Offsetting.Receipts,81.78
2007,Table 5-6:  DEPARTMENT OF DEFENSE DEFLATORS - BUDGET AUTHORITY BY PUBLIC LAW TITLE,2018,Offsetting.Receipts,83.99
2008,Table 5-6:  DEPARTMENT OF DEFENSE DEFLATORS - BUDGET AUTHORITY BY PUBLIC LAW TITLE,2018,Offsetting.Receipts,86
2009,Table 5-6:  DEPARTMENT OF DEFENSE DEFLATORS - BUDGET AUTHORITY BY PUBLIC LAW TITLE,2018,Offsetting.Receipts,87.29
2010,Table 5-6:  DEPARTMENT OF DEFENSE DEFLATORS - BUDGET AUTHORITY BY PUBLIC LAW TITLE,2018,Offsetting.Receipts,87.99
2011,Table 5-6:  DEPARTMENT OF DEFENSE DEFLATORS - BUDGET AUTHORITY BY PUBLIC LAW TITLE,2018,Offsetting.Receipts,89.75
2012,Table 5-6:  DEPARTMENT OF DEFENSE DEFLATORS - BUDGET AUTHORITY BY PUBLIC LAW TITLE,2018,Offsetting.Receipts,91.37
2013,Table 5-6:  DEPARTMENT OF DEFENSE DEFLATORS - BUDGET AUTHORITY BY PUBLIC LAW TITLE,2018,Offsetting.Receipts,92.74
2014,Table 5-6:  DEPARTMENT OF DEFENSE DEFLATORS - BUDGET AUTHORITY BY PUBLIC LAW TITLE,2018,Offsetting.Receipts,94.13
2015,Table 5-6:  DEPARTMENT OF DEFENSE DEFLATORS - BUDGET AUTHORITY BY PUBLIC LAW TITLE,2018,Offsetting.Receipts,95.16
2016,Table 5-6:  DEPARTMENT OF DEFENSE DEFLATORS - BUDGET AUTHORITY BY PUBLIC LAW TITLE,2018,Offsetting.Receipts,96.31
2017,Table 5-6:  DEPARTMENT OF DEFENSE DEFLATORS - BUDGET AUTHORITY BY PUBLIC LAW TITLE,2018,Offsetting.Receipts,98.04
2018,Table 5-6:  DEPARTMENT OF DEFENSE DEFLATORS - BUDGET AUTHORITY BY PUBLIC LAW TITLE,2018,Offsetting.Receipts,100
1970,Table 5-6:  DEPARTMENT OF DEFENSE DEFLATORS - BUDGET AUTHORITY BY PUBLIC LAW TITLE,2018,Trust.Funds,18.39
1971,Table 5-6:  DEPARTMENT OF DEFENSE DEFLATORS - BUDGET AUTHORITY BY PUBLIC LAW TITLE,2018,Trust.Funds,19.23
1972,Table 5-6:  DEPARTMENT OF DEFENSE DEFLATORS - BUDGET AUTHORITY BY PUBLIC LAW TITLE,2018,Trust.Funds,19.96
1973,Table 5-6:  DEPARTMENT OF DEFENSE DEFLATORS - BUDGET AUTHORITY BY PUBLIC LAW TITLE,2018,Trust.Funds,20.79
1974,Table 5-6:  DEPARTMENT OF DEFENSE DEFLATORS - BUDGET AUTHORITY BY PUBLIC LAW TITLE,2018,Trust.Funds,22.02
1975,Table 5-6:  DEPARTMENT OF DEFENSE DEFLATORS - BUDGET AUTHORITY BY PUBLIC LAW TITLE,2018,Trust.Funds,25.34
1976,Table 5-6:  DEPARTMENT OF DEFENSE DEFLATORS - BUDGET AUTHORITY BY PUBLIC LAW TITLE,2018,Trust.Funds,27.24
1977,Table 5-6:  DEPARTMENT OF DEFENSE DEFLATORS - BUDGET AUTHORITY BY PUBLIC LAW TITLE,2018,Trust.Funds,29.47
1978,Table 5-6:  DEPARTMENT OF DEFENSE DEFLATORS - BUDGET AUTHORITY BY PUBLIC LAW TITLE,2018,Trust.Funds,31.56
1979,Table 5-6:  DEPARTMENT OF DEFENSE DEFLATORS - BUDGET AUTHORITY BY PUBLIC LAW TITLE,2018,Trust.Funds,34.43
1980,Table 5-6:  DEPARTMENT OF DEFENSE DEFLATORS - BUDGET AUTHORITY BY PUBLIC LAW TITLE,2018,Trust.Funds,38.08
1981,Table 5-6:  DEPARTMENT OF DEFENSE DEFLATORS - BUDGET AUTHORITY BY PUBLIC LAW TITLE,2018,Trust.Funds,42.12
1982,Table 5-6:  DEPARTMENT OF DEFENSE DEFLATORS - BUDGET AUTHORITY BY PUBLIC LAW TITLE,2018,Trust.Funds,45.32
1983,Table 5-6:  DEPARTMENT OF DEFENSE DEFLATORS - BUDGET AUTHORITY BY PUBLIC LAW TITLE,2018,Trust.Funds,47.13
1984,Table 5-6:  DEPARTMENT OF DEFENSE DEFLATORS - BUDGET AUTHORITY BY PUBLIC LAW TITLE,2018,Trust.Funds,48.92
1985,Table 5-6:  DEPARTMENT OF DEFENSE DEFLATORS - BUDGET AUTHORITY BY PUBLIC LAW TITLE,2018,Trust.Funds,50.59
1986,Table 5-6:  DEPARTMENT OF DEFENSE DEFLATORS - BUDGET AUTHORITY BY PUBLIC LAW TITLE,2018,Trust.Funds,52
1987,Table 5-6:  DEPARTMENT OF DEFENSE DEFLATORS - BUDGET AUTHORITY BY PUBLIC LAW TITLE,2018,Trust.Funds,53.41
1988,Table 5-6:  DEPARTMENT OF DEFENSE DEFLATORS - BUDGET AUTHORITY BY PUBLIC LAW TITLE,2018,Trust.Funds,55.01
1989,Table 5-6:  DEPARTMENT OF DEFENSE DEFLATORS - BUDGET AUTHORITY BY PUBLIC LAW TITLE,2018,Trust.Funds,57.32
1990,Table 5-6:  DEPARTMENT OF DEFENSE DEFLATORS - BUDGET AUTHORITY BY PUBLIC LAW TITLE,2018,Trust.Funds,59.67
1991,Table 5-6:  DEPARTMENT OF DEFENSE DEFLATORS - BUDGET AUTHORITY BY PUBLIC LAW TITLE,2018,Trust.Funds,62.24
1992,Table 5-6:  DEPARTMENT OF DEFENSE DEFLATORS - BUDGET AUTHORITY BY PUBLIC LAW TITLE,2018,Trust.Funds,64.1
1993,Table 5-6:  DEPARTMENT OF DEFENSE DEFLATORS - BUDGET AUTHORITY BY PUBLIC LAW TITLE,2018,Trust.Funds,65.64
1994,Table 5-6:  DEPARTMENT OF DEFENSE DEFLATORS - BUDGET AUTHORITY BY PUBLIC LAW TITLE,2018,Trust.Funds,66.96
1995,Table 5-6:  DEPARTMENT OF DEFENSE DEFLATORS - BUDGET AUTHORITY BY PUBLIC LAW TITLE,2018,Trust.Funds,68.23
1996,Table 5-6:  DEPARTMENT OF DEFENSE DEFLATORS - BUDGET AUTHORITY BY PUBLIC LAW TITLE,2018,Trust.Funds,69.59
1997,Table 5-6:  DEPARTMENT OF DEFENSE DEFLATORS - BUDGET AUTHORITY BY PUBLIC LAW TITLE,2018,Trust.Funds,70.84
1998,Table 5-6:  DEPARTMENT OF DEFENSE DEFLATORS - BUDGET AUTHORITY BY PUBLIC LAW TITLE,2018,Trust.Funds,71.34
1999,Table 5-6:  DEPARTMENT OF DEFENSE DEFLATORS - BUDGET AUTHORITY BY PUBLIC LAW TITLE,2018,Trust.Funds,71.91
2e3,Table 5-6:  DEPARTMENT OF DEFENSE DEFLATORS - BUDGET AUTHORITY BY PUBLIC LAW TITLE,2018,Trust.Funds,72.92
2001,Table 5-6:  DEPARTMENT OF DEFENSE DEFLATORS - BUDGET AUTHORITY BY PUBLIC LAW TITLE,2018,Trust.Funds,74.3
2002,Table 5-6:  DEPARTMENT OF DEFENSE DEFLATORS - BUDGET AUTHORITY BY PUBLIC LAW TITLE,2018,Trust.Funds,74.9
2003,Table 5-6:  DEPARTMENT OF DEFENSE DEFLATORS - BUDGET AUTHORITY BY PUBLIC LAW TITLE,2018,Trust.Funds,75.65
2004,Table 5-6:  DEPARTMENT OF DEFENSE DEFLATORS - BUDGET AUTHORITY BY PUBLIC LAW TITLE,2018,Trust.Funds,77.16
2005,Table 5-6:  DEPARTMENT OF DEFENSE DEFLATORS - BUDGET AUTHORITY BY PUBLIC LAW TITLE,2018,Trust.Funds,79.33
2006,Table 5-6:  DEPARTMENT OF DEFENSE DEFLATORS - BUDGET AUTHORITY BY PUBLIC LAW TITLE,2018,Trust.Funds,81.78
2007,Table 5-6:  DEPARTMENT OF DEFENSE DEFLATORS - BUDGET AUTHORITY BY PUBLIC LAW TITLE,2018,Trust.Funds,83.99
2008,Table 5-6:  DEPARTMENT OF DEFENSE DEFLATORS - BUDGET AUTHORITY BY PUBLIC LAW TITLE,2018,Trust.Funds,86
2009,Table 5-6:  DEPARTMENT OF DEFENSE DEFLATORS - BUDGET AUTHORITY BY PUBLIC LAW TITLE,2018,Trust.Funds,87.25
2010,Table 5-6:  DEPARTMENT OF DEFENSE DEFLATORS - BUDGET AUTHORITY BY PUBLIC LAW TITLE,2018,Trust.Funds,87.98
2011,Table 5-6:  DEPARTMENT OF DEFENSE DEFLATORS - BUDGET AUTHORITY BY PUBLIC LAW TITLE,2018,Trust.Funds,89.75
2012,Table 5-6:  DEPARTMENT OF DEFENSE DEFLATORS - BUDGET AUTHORITY BY PUBLIC LAW TITLE,2018,Trust.Funds,91.35
2013,Table 5-6:  DEPARTMENT OF DEFENSE DEFLATORS - BUDGET AUTHORITY BY PUBLIC LAW TITLE,2018,Trust.Funds,92.67
2014,Table 5-6:  DEPARTMENT OF DEFENSE DEFLATORS - BUDGET AUTHORITY BY PUBLIC LAW TITLE,2018,Trust.Funds,94.09
2015,Table 5-6:  DEPARTMENT OF DEFENSE DEFLATORS - BUDGET AUTHORITY BY PUBLIC LAW TITLE,2018,Trust.Funds,95.01
2016,Table 5-6:  DEPARTMENT OF DEFENSE DEFLATORS - BUDGET AUTHORITY BY PUBLIC LAW TITLE,2018,Trust.Funds,96.28
2017,Table 5-6:  DEPARTMENT OF DEFENSE DEFLATORS - BUDGET AUTHORITY BY PUBLIC LAW TITLE,2018,Trust.Funds,98.04
2018,Table 5-6:  DEPARTMENT OF DEFENSE DEFLATORS - BUDGET AUTHORITY BY PUBLIC LAW TITLE,2018,Trust.Funds,100
1970,Table 5-6:  DEPARTMENT OF DEFENSE DEFLATORS - BUDGET AUTHORITY BY PUBLIC LAW TITLE,2018,Interfund.Transactions,18.39
1971,Table 5-6:  DEPARTMENT OF DEFENSE DEFLATORS - BUDGET AUTHORITY BY PUBLIC LAW TITLE,2018,Interfund.Transactions,19.23
1972,Table 5-6:  DEPARTMENT OF DEFENSE DEFLATORS - BUDGET AUTHORITY BY PUBLIC LAW TITLE,2018,Interfund.Transactions,19.96
1973,Table 5-6:  DEPARTMENT OF DEFENSE DEFLATORS - BUDGET AUTHORITY BY PUBLIC LAW TITLE,2018,Interfund.Transactions,20.79
1974,Table 5-6:  DEPARTMENT OF DEFENSE DEFLATORS - BUDGET AUTHORITY BY PUBLIC LAW TITLE,2018,Interfund.Transactions,22.02
1975,Table 5-6:  DEPARTMENT OF DEFENSE DEFLATORS - BUDGET AUTHORITY BY PUBLIC LAW TITLE,2018,Interfund.Transactions,25.34
1976,Table 5-6:  DEPARTMENT OF DEFENSE DEFLATORS - BUDGET AUTHORITY BY PUBLIC LAW TITLE,2018,Interfund.Transactions,27.23
1977,Table 5-6:  DEPARTMENT OF DEFENSE DEFLATORS - BUDGET AUTHORITY BY PUBLIC LAW TITLE,2018,Interfund.Transactions,29.47
1978,Table 5-6:  DEPARTMENT OF DEFENSE DEFLATORS - BUDGET AUTHORITY BY PUBLIC LAW TITLE,2018,Interfund.Transactions,31.56
1979,Table 5-6:  DEPARTMENT OF DEFENSE DEFLATORS - BUDGET AUTHORITY BY PUBLIC LAW TITLE,2018,Interfund.Transactions,34.43
1980,Table 5-6:  DEPARTMENT OF DEFENSE DEFLATORS - BUDGET AUTHORITY BY PUBLIC LAW TITLE,2018,Interfund.Transactions,38.08
1981,Table 5-6:  DEPARTMENT OF DEFENSE DEFLATORS - BUDGET AUTHORITY BY PUBLIC LAW TITLE,2018,Interfund.Transactions,42.12
1982,Table 5-6:  DEPARTMENT OF DEFENSE DEFLATORS - BUDGET AUTHORITY BY PUBLIC LAW TITLE,2018,Interfund.Transactions,45.32
1983,Table 5-6:  DEPARTMENT OF DEFENSE DEFLATORS - BUDGET AUTHORITY BY PUBLIC LAW TITLE,2018,Interfund.Transactions,47.13
1984,Table 5-6:  DEPARTMENT OF DEFENSE DEFLATORS - BUDGET AUTHORITY BY PUBLIC LAW TITLE,2018,Interfund.Transactions,48.92
1985,Table 5-6:  DEPARTMENT OF DEFENSE DEFLATORS - BUDGET AUTHORITY BY PUBLIC LAW TITLE,2018,Interfund.Transactions,50.59
1986,Table 5-6:  DEPARTMENT OF DEFENSE DEFLATORS - BUDGET AUTHORITY BY PUBLIC LAW TITLE,2018,Interfund.Transactions,52
1987,Table 5-6:  DEPARTMENT OF DEFENSE DEFLATORS - BUDGET AUTHORITY BY PUBLIC LAW TITLE,2018,Interfund.Transactions,53.41
1988,Table 5-6:  DEPARTMENT OF DEFENSE DEFLATORS - BUDGET AUTHORITY BY PUBLIC LAW TITLE,2018,Interfund.Transactions,55.01
1989,Table 5-6:  DEPARTMENT OF DEFENSE DEFLATORS - BUDGET AUTHORITY BY PUBLIC LAW TITLE,2018,Interfund.Transactions,57.32
1990,Table 5-6:  DEPARTMENT OF DEFENSE DEFLATORS - BUDGET AUTHORITY BY PUBLIC LAW TITLE,2018,Interfund.Transactions,59.67
1991,Table 5-6:  DEPARTMENT OF DEFENSE DEFLATORS - BUDGET AUTHORITY BY PUBLIC LAW TITLE,2018,Interfund.Transactions,62.24
1992,Table 5-6:  DEPARTMENT OF DEFENSE DEFLATORS - BUDGET AUTHORITY BY PUBLIC LAW TITLE,2018,Interfund.Transactions,64.1
1993,Table 5-6:  DEPARTMENT OF DEFENSE DEFLATORS - BUDGET AUTHORITY BY PUBLIC LAW TITLE,2018,Interfund.Transactions,65.64
1994,Table 5-6:  DEPARTMENT OF DEFENSE DEFLATORS - BUDGET AUTHORITY BY PUBLIC LAW TITLE,2018,Interfund.Transactions,66.96
1995,Table 5-6:  DEPARTMENT OF DEFENSE DEFLATORS - BUDGET AUTHORITY BY PUBLIC LAW TITLE,2018,Interfund.Transactions,68.23
1996,Table 5-6:  DEPARTMENT OF DEFENSE DEFLATORS - BUDGET AUTHORITY BY PUBLIC LAW TITLE,2018,Interfund.Transactions,69.59
1997,Table 5-6:  DEPARTMENT OF DEFENSE DEFLATORS - BUDGET AUTHORITY BY PUBLIC LAW TITLE,2018,Interfund.Transactions,70.84
1998,Table 5-6:  DEPARTMENT OF DEFENSE DEFLATORS - BUDGET AUTHORITY BY PUBLIC LAW TITLE,2018,Interfund.Transactions,71.34
1999,Table 5-6:  DEPARTMENT OF DEFENSE DEFLATORS - BUDGET AUTHORITY BY PUBLIC LAW TITLE,2018,Interfund.Transactions,71.91
2e3,Table 5-6:  DEPARTMENT OF DEFENSE DEFLATORS - BUDGET AUTHORITY BY PUBLIC LAW TITLE,2018,Interfund.Transactions,72.92
2001,Table 5-6:  DEPARTMENT OF DEFENSE DEFLATORS - BUDGET AUTHORITY BY PUBLIC LAW TITLE,2018,Interfund.Transactions,74.3
2002,Table 5-6:  DEPARTMENT OF DEFENSE DEFLATORS - BUDGET AUTHORITY BY PUBLIC LAW TITLE,2018,Interfund.Transactions,74.9
2003,Table 5-6:  DEPARTMENT OF DEFENSE DEFLATORS - BUDGET AUTHORITY BY PUBLIC LAW TITLE,2018,Interfund.Transactions,75.65
2004,Table 5-6:  DEPARTMENT OF DEFENSE DEFLATORS - BUDGET AUTHORITY BY PUBLIC LAW TITLE,2018,Interfund.Transactions,77.16
2005,Table 5-6:  DEPARTMENT OF DEFENSE DEFLATORS - BUDGET AUTHORITY BY PUBLIC LAW TITLE,2018,Interfund.Transactions,79.32
2006,Table 5-6:  DEPARTMENT OF DEFENSE DEFLATORS - BUDGET AUTHORITY BY PUBLIC LAW TITLE,2018,Interfund.Transactions,81.78
2007,Table 5-6:  DEPARTMENT OF DEFENSE DEFLATORS - BUDGET AUTHORITY BY PUBLIC LAW TITLE,2018,Interfund.Transactions,83.99
2008,Table 5-6:  DEPARTMENT OF DEFENSE DEFLATORS - BUDGET AUTHORITY BY PUBLIC LAW TITLE,2018,Interfund.Transactions,86
2009,Table 5-6:  DEPARTMENT OF DEFENSE DEFLATORS - BUDGET AUTHORITY BY PUBLIC LAW TITLE,2018,Interfund.Transactions,87.29
2010,Table 5-6:  DEPARTMENT OF DEFENSE DEFLATORS - BUDGET AUTHORITY BY PUBLIC LAW TITLE,2018,Interfund.Transactions,87.99
2011,Table 5-6:  DEPARTMENT OF DEFENSE DEFLATORS - BUDGET AUTHORITY BY PUBLIC LAW TITLE,2018,Interfund.Transactions,89.75
2012,Table 5-6:  DEPARTMENT OF DEFENSE DEFLATORS - BUDGET AUTHORITY BY PUBLIC LAW TITLE,2018,Interfund.Transactions,91.37
2013,Table 5-6:  DEPARTMENT OF DEFENSE DEFLATORS - BUDGET AUTHORITY BY PUBLIC LAW TITLE,2018,Interfund.Transactions,92.74
2014,Table 5-6:  DEPARTMENT OF DEFENSE DEFLATORS - BUDGET AUTHORITY BY PUBLIC LAW TITLE,2018,Interfund.Transactions,94.13
2015,Table 5-6:  DEPARTMENT OF DEFENSE DEFLATORS - BUDGET AUTHORITY BY PUBLIC LAW TITLE,2018,Interfund.Transactions,95.16
2016,Table 5-6:  DEPARTMENT OF DEFENSE DEFLATORS - BUDGET AUTHORITY BY PUBLIC LAW TITLE,2018,Interfund.Transactions,96.31
2017,Table 5-6:  DEPARTMENT OF DEFENSE DEFLATORS - BUDGET AUTHORITY BY PUBLIC LAW TITLE,2018,Interfund.Transactions,98.04
2018,Table 5-6:  DEPARTMENT OF DEFENSE DEFLATORS - BUDGET AUTHORITY BY PUBLIC LAW TITLE,2018,Interfund.Transactions,100
1970,Table 5-6:  DEPARTMENT OF DEFENSE DEFLATORS - BUDGET AUTHORITY BY PUBLIC LAW TITLE,2018,Total.DoD.Excluding.Medical,14.32
1971,Table 5-6:  DEPARTMENT OF DEFENSE DEFLATORS - BUDGET AUTHORITY BY PUBLIC LAW TITLE,2018,Total.DoD.Excluding.Medical,15.2
1972,Table 5-6:  DEPARTMENT OF DEFENSE DEFLATORS - BUDGET AUTHORITY BY PUBLIC LAW TITLE,2018,Total.DoD.Excluding.Medical,16.65
1973,Table 5-6:  DEPARTMENT OF DEFENSE DEFLATORS - BUDGET AUTHORITY BY PUBLIC LAW TITLE,2018,Total.DoD.Excluding.Medical,18.12
1974,Table 5-6:  DEPARTMENT OF DEFENSE DEFLATORS - BUDGET AUTHORITY BY PUBLIC LAW TITLE,2018,Total.DoD.Excluding.Medical,19.76
1975,Table 5-6:  DEPARTMENT OF DEFENSE DEFLATORS - BUDGET AUTHORITY BY PUBLIC LAW TITLE,2018,Total.DoD.Excluding.Medical,21.57
1976,Table 5-6:  DEPARTMENT OF DEFENSE DEFLATORS - BUDGET AUTHORITY BY PUBLIC LAW TITLE,2018,Total.DoD.Excluding.Medical,23.7
1977,Table 5-6:  DEPARTMENT OF DEFENSE DEFLATORS - BUDGET AUTHORITY BY PUBLIC LAW TITLE,2018,Total.DoD.Excluding.Medical,25.35
1978,Table 5-6:  DEPARTMENT OF DEFENSE DEFLATORS - BUDGET AUTHORITY BY PUBLIC LAW TITLE,2018,Total.DoD.Excluding.Medical,27.41
1979,Table 5-6:  DEPARTMENT OF DEFENSE DEFLATORS - BUDGET AUTHORITY BY PUBLIC LAW TITLE,2018,Total.DoD.Excluding.Medical,29.64
1980,Table 5-6:  DEPARTMENT OF DEFENSE DEFLATORS - BUDGET AUTHORITY BY PUBLIC LAW TITLE,2018,Total.DoD.Excluding.Medical,33.15
1981,Table 5-6:  DEPARTMENT OF DEFENSE DEFLATORS - BUDGET AUTHORITY BY PUBLIC LAW TITLE,2018,Total.DoD.Excluding.Medical,37.17
1982,Table 5-6:  DEPARTMENT OF DEFENSE DEFLATORS - BUDGET AUTHORITY BY PUBLIC LAW TITLE,2018,Total.DoD.Excluding.Medical,40.38
1983,Table 5-6:  DEPARTMENT OF DEFENSE DEFLATORS - BUDGET AUTHORITY BY PUBLIC LAW TITLE,2018,Total.DoD.Excluding.Medical,42.28
1984,Table 5-6:  DEPARTMENT OF DEFENSE DEFLATORS - BUDGET AUTHORITY BY PUBLIC LAW TITLE,2018,Total.DoD.Excluding.Medical,43.76
1985,Table 5-6:  DEPARTMENT OF DEFENSE DEFLATORS - BUDGET AUTHORITY BY PUBLIC LAW TITLE,2018,Total.DoD.Excluding.Medical,45.5
1986,Table 5-6:  DEPARTMENT OF DEFENSE DEFLATORS - BUDGET AUTHORITY BY PUBLIC LAW TITLE,2018,Total.DoD.Excluding.Medical,46.43
1987,Table 5-6:  DEPARTMENT OF DEFENSE DEFLATORS - BUDGET AUTHORITY BY PUBLIC LAW TITLE,2018,Total.DoD.Excluding.Medical,47.61
1988,Table 5-6:  DEPARTMENT OF DEFENSE DEFLATORS - BUDGET AUTHORITY BY PUBLIC LAW TITLE,2018,Total.DoD.Excluding.Medical,49.34
1989,Table 5-6:  DEPARTMENT OF DEFENSE DEFLATORS - BUDGET AUTHORITY BY PUBLIC LAW TITLE,2018,Total.DoD.Excluding.Medical,51.2
1990,Table 5-6:  DEPARTMENT OF DEFENSE DEFLATORS - BUDGET AUTHORITY BY PUBLIC LAW TITLE,2018,Total.DoD.Excluding.Medical,52.64
1991,Table 5-6:  DEPARTMENT OF DEFENSE DEFLATORS - BUDGET AUTHORITY BY PUBLIC LAW TITLE,2018,Total.DoD.Excluding.Medical,54.59
1992,Table 5-6:  DEPARTMENT OF DEFENSE DEFLATORS - BUDGET AUTHORITY BY PUBLIC LAW TITLE,2018,Total.DoD.Excluding.Medical,56.02
1993,Table 5-6:  DEPARTMENT OF DEFENSE DEFLATORS - BUDGET AUTHORITY BY PUBLIC LAW TITLE,2018,Total.DoD.Excluding.Medical,57.49
1994,Table 5-6:  DEPARTMENT OF DEFENSE DEFLATORS - BUDGET AUTHORITY BY PUBLIC LAW TITLE,2018,Total.DoD.Excluding.Medical,58.72
1995,Table 5-6:  DEPARTMENT OF DEFENSE DEFLATORS - BUDGET AUTHORITY BY PUBLIC LAW TITLE,2018,Total.DoD.Excluding.Medical,59.98
1996,Table 5-6:  DEPARTMENT OF DEFENSE DEFLATORS - BUDGET AUTHORITY BY PUBLIC LAW TITLE,2018,Total.DoD.Excluding.Medical,61.31
1997,Table 5-6:  DEPARTMENT OF DEFENSE DEFLATORS - BUDGET AUTHORITY BY PUBLIC LAW TITLE,2018,Total.DoD.Excluding.Medical,62.77
1998,Table 5-6:  DEPARTMENT OF DEFENSE DEFLATORS - BUDGET AUTHORITY BY PUBLIC LAW TITLE,2018,Total.DoD.Excluding.Medical,64.48
1999,Table 5-6:  DEPARTMENT OF DEFENSE DEFLATORS - BUDGET AUTHORITY BY PUBLIC LAW TITLE,2018,Total.DoD.Excluding.Medical,66.13
2e3,Table 5-6:  DEPARTMENT OF DEFENSE DEFLATORS - BUDGET AUTHORITY BY PUBLIC LAW TITLE,2018,Total.DoD.Excluding.Medical,67.91
2001,Table 5-6:  DEPARTMENT OF DEFENSE DEFLATORS - BUDGET AUTHORITY BY PUBLIC LAW TITLE,2018,Total.DoD.Excluding.Medical,70.09
2002,Table 5-6:  DEPARTMENT OF DEFENSE DEFLATORS - BUDGET AUTHORITY BY PUBLIC LAW TITLE,2018,Total.DoD.Excluding.Medical,71.94
2003,Table 5-6:  DEPARTMENT OF DEFENSE DEFLATORS - BUDGET AUTHORITY BY PUBLIC LAW TITLE,2018,Total.DoD.Excluding.Medical,73.59
2004,Table 5-6:  DEPARTMENT OF DEFENSE DEFLATORS - BUDGET AUTHORITY BY PUBLIC LAW TITLE,2018,Total.DoD.Excluding.Medical,75.86
2005,Table 5-6:  DEPARTMENT OF DEFENSE DEFLATORS - BUDGET AUTHORITY BY PUBLIC LAW TITLE,2018,Total.DoD.Excluding.Medical,78.77
2006,Table 5-6:  DEPARTMENT OF DEFENSE DEFLATORS - BUDGET AUTHORITY BY PUBLIC LAW TITLE,2018,Total.DoD.Excluding.Medical,81.32
2007,Table 5-6:  DEPARTMENT OF DEFENSE DEFLATORS - BUDGET AUTHORITY BY PUBLIC LAW TITLE,2018,Total.DoD.Excluding.Medical,83.26
2008,Table 5-6:  DEPARTMENT OF DEFENSE DEFLATORS - BUDGET AUTHORITY BY PUBLIC LAW TITLE,2018,Total.DoD.Excluding.Medical,85.4
2009,Table 5-6:  DEPARTMENT OF DEFENSE DEFLATORS - BUDGET AUTHORITY BY PUBLIC LAW TITLE,2018,Total.DoD.Excluding.Medical,86.73
2010,Table 5-6:  DEPARTMENT OF DEFENSE DEFLATORS - BUDGET AUTHORITY BY PUBLIC LAW TITLE,2018,Total.DoD.Excluding.Medical,88.58
2011,Table 5-6:  DEPARTMENT OF DEFENSE DEFLATORS - BUDGET AUTHORITY BY PUBLIC LAW TITLE,2018,Total.DoD.Excluding.Medical,90.23
2012,Table 5-6:  DEPARTMENT OF DEFENSE DEFLATORS - BUDGET AUTHORITY BY PUBLIC LAW TITLE,2018,Total.DoD.Excluding.Medical,91.75
2013,Table 5-6:  DEPARTMENT OF DEFENSE DEFLATORS - BUDGET AUTHORITY BY PUBLIC LAW TITLE,2018,Total.DoD.Excluding.Medical,93.26
2014,Table 5-6:  DEPARTMENT OF DEFENSE DEFLATORS - BUDGET AUTHORITY BY PUBLIC LAW TITLE,2018,Total.DoD.Excluding.Medical,94.36
2015,Table 5-6:  DEPARTMENT OF DEFENSE DEFLATORS - BUDGET AUTHORITY BY PUBLIC LAW TITLE,2018,Total.DoD.Excluding.Medical,95.33
2016,Table 5-6:  DEPARTMENT OF DEFENSE DEFLATORS - BUDGET AUTHORITY BY PUBLIC LAW TITLE,2018,Total.DoD.Excluding.Medical,96.14
2017,Table 5-6:  DEPARTMENT OF DEFENSE DEFLATORS - BUDGET AUTHORITY BY PUBLIC LAW TITLE,2018,Total.DoD.Excluding.Medical,98.05
2018,Table 5-6:  DEPARTMENT OF DEFENSE DEFLATORS - BUDGET AUTHORITY BY PUBLIC LAW TITLE,2018,Total.DoD.Excluding.Medical,100
1970,Table 5-6:  DEPARTMENT OF DEFENSE DEFLATORS - BUDGET AUTHORITY BY PUBLIC LAW TITLE,2018,Total.Dept.of.Defense,14.32
1971,Table 5-6:  DEPARTMENT OF DEFENSE DEFLATORS - BUDGET AUTHORITY BY PUBLIC LAW TITLE,2018,Total.Dept.of.Defense,15.2
1972,Table 5-6:  DEPARTMENT OF DEFENSE DEFLATORS - BUDGET AUTHORITY BY PUBLIC LAW TITLE,2018,Total.Dept.of.Defense,16.65
1973,Table 5-6:  DEPARTMENT OF DEFENSE DEFLATORS - BUDGET AUTHORITY BY PUBLIC LAW TITLE,2018,Total.Dept.of.Defense,18.12
1974,Table 5-6:  DEPARTMENT OF DEFENSE DEFLATORS - BUDGET AUTHORITY BY PUBLIC LAW TITLE,2018,Total.Dept.of.Defense,19.76
1975,Table 5-6:  DEPARTMENT OF DEFENSE DEFLATORS - BUDGET AUTHORITY BY PUBLIC LAW TITLE,2018,Total.Dept.of.Defense,21.57
1976,Table 5-6:  DEPARTMENT OF DEFENSE DEFLATORS - BUDGET AUTHORITY BY PUBLIC LAW TITLE,2018,Total.Dept.of.Defense,23.7
1977,Table 5-6:  DEPARTMENT OF DEFENSE DEFLATORS - BUDGET AUTHORITY BY PUBLIC LAW TITLE,2018,Total.Dept.of.Defense,25.35
1978,Table 5-6:  DEPARTMENT OF DEFENSE DEFLATORS - BUDGET AUTHORITY BY PUBLIC LAW TITLE,2018,Total.Dept.of.Defense,27.41
1979,Table 5-6:  DEPARTMENT OF DEFENSE DEFLATORS - BUDGET AUTHORITY BY PUBLIC LAW TITLE,2018,Total.Dept.of.Defense,29.64
1980,Table 5-6:  DEPARTMENT OF DEFENSE DEFLATORS - BUDGET AUTHORITY BY PUBLIC LAW TITLE,2018,Total.Dept.of.Defense,33.15
1981,Table 5-6:  DEPARTMENT OF DEFENSE DEFLATORS - BUDGET AUTHORITY BY PUBLIC LAW TITLE,2018,Total.Dept.of.Defense,37.17
1982,Table 5-6:  DEPARTMENT OF DEFENSE DEFLATORS - BUDGET AUTHORITY BY PUBLIC LAW TITLE,2018,Total.Dept.of.Defense,40.38
1983,Table 5-6:  DEPARTMENT OF DEFENSE DEFLATORS - BUDGET AUTHORITY BY PUBLIC LAW TITLE,2018,Total.Dept.of.Defense,42.28
1984,Table 5-6:  DEPARTMENT OF DEFENSE DEFLATORS - BUDGET AUTHORITY BY PUBLIC LAW TITLE,2018,Total.Dept.of.Defense,43.76
1985,Table 5-6:  DEPARTMENT OF DEFENSE DEFLATORS - BUDGET AUTHORITY BY PUBLIC LAW TITLE,2018,Total.Dept.of.Defense,45.5
1986,Table 5-6:  DEPARTMENT OF DEFENSE DEFLATORS - BUDGET AUTHORITY BY PUBLIC LAW TITLE,2018,Total.Dept.of.Defense,46.43
1987,Table 5-6:  DEPARTMENT OF DEFENSE DEFLATORS - BUDGET AUTHORITY BY PUBLIC LAW TITLE,2018,Total.Dept.of.Defense,47.61
1988,Table 5-6:  DEPARTMENT OF DEFENSE DEFLATORS - BUDGET AUTHORITY BY PUBLIC LAW TITLE,2018,Total.Dept.of.Defense,49.34
1989,Table 5-6:  DEPARTMENT OF DEFENSE DEFLATORS - BUDGET AUTHORITY BY PUBLIC LAW TITLE,2018,Total.Dept.of.Defense,51.2
1990,Table 5-6:  DEPARTMENT OF DEFENSE DEFLATORS - BUDGET AUTHORITY BY PUBLIC LAW TITLE,2018,Total.Dept.of.Defense,52.64
1991,Table 5-6:  DEPARTMENT OF DEFENSE DEFLATORS - BUDGET AUTHORITY BY PUBLIC LAW TITLE,2018,Total.Dept.of.Defense,54.59
1992,Table 5-6:  DEPARTMENT OF DEFENSE DEFLATORS - BUDGET AUTHORITY BY PUBLIC LAW TITLE,2018,Total.Dept.of.Defense,56.02
1993,Table 5-6:  DEPARTMENT OF DEFENSE DEFLATORS - BUDGET AUTHORITY BY PUBLIC LAW TITLE,2018,Total.Dept.of.Defense,56.23
1994,Table 5-6:  DEPARTMENT OF DEFENSE DEFLATORS - BUDGET AUTHORITY BY PUBLIC LAW TITLE,2018,Total.Dept.of.Defense,57.39
1995,Table 5-6:  DEPARTMENT OF DEFENSE DEFLATORS - BUDGET AUTHORITY BY PUBLIC LAW TITLE,2018,Total.Dept.of.Defense,58.66
1996,Table 5-6:  DEPARTMENT OF DEFENSE DEFLATORS - BUDGET AUTHORITY BY PUBLIC LAW TITLE,2018,Total.Dept.of.Defense,59.98
1997,Table 5-6:  DEPARTMENT OF DEFENSE DEFLATORS - BUDGET AUTHORITY BY PUBLIC LAW TITLE,2018,Total.Dept.of.Defense,61.41
1998,Table 5-6:  DEPARTMENT OF DEFENSE DEFLATORS - BUDGET AUTHORITY BY PUBLIC LAW TITLE,2018,Total.Dept.of.Defense,63.12
1999,Table 5-6:  DEPARTMENT OF DEFENSE DEFLATORS - BUDGET AUTHORITY BY PUBLIC LAW TITLE,2018,Total.Dept.of.Defense,64.83
2e3,Table 5-6:  DEPARTMENT OF DEFENSE DEFLATORS - BUDGET AUTHORITY BY PUBLIC LAW TITLE,2018,Total.Dept.of.Defense,66.41
2001,Table 5-6:  DEPARTMENT OF DEFENSE DEFLATORS - BUDGET AUTHORITY BY PUBLIC LAW TITLE,2018,Total.Dept.of.Defense,68.61
2002,Table 5-6:  DEPARTMENT OF DEFENSE DEFLATORS - BUDGET AUTHORITY BY PUBLIC LAW TITLE,2018,Total.Dept.of.Defense,70.3
2003,Table 5-6:  DEPARTMENT OF DEFENSE DEFLATORS - BUDGET AUTHORITY BY PUBLIC LAW TITLE,2018,Total.Dept.of.Defense,72.6
2004,Table 5-6:  DEPARTMENT OF DEFENSE DEFLATORS - BUDGET AUTHORITY BY PUBLIC LAW TITLE,2018,Total.Dept.of.Defense,74.86
2005,Table 5-6:  DEPARTMENT OF DEFENSE DEFLATORS - BUDGET AUTHORITY BY PUBLIC LAW TITLE,2018,Total.Dept.of.Defense,77.84
2006,Table 5-6:  DEPARTMENT OF DEFENSE DEFLATORS - BUDGET AUTHORITY BY PUBLIC LAW TITLE,2018,Total.Dept.of.Defense,80.42
2007,Table 5-6:  DEPARTMENT OF DEFENSE DEFLATORS - BUDGET AUTHORITY BY PUBLIC LAW TITLE,2018,Total.Dept.of.Defense,82.48
2008,Table 5-6:  DEPARTMENT OF DEFENSE DEFLATORS - BUDGET AUTHORITY BY PUBLIC LAW TITLE,2018,Total.Dept.of.Defense,84.78
2009,Table 5-6:  DEPARTMENT OF DEFENSE DEFLATORS - BUDGET AUTHORITY BY PUBLIC LAW TITLE,2018,Total.Dept.of.Defense,86.17
2010,Table 5-6:  DEPARTMENT OF DEFENSE DEFLATORS - BUDGET AUTHORITY BY PUBLIC LAW TITLE,2018,Total.Dept.of.Defense,88.11
2011,Table 5-6:  DEPARTMENT OF DEFENSE DEFLATORS - BUDGET AUTHORITY BY PUBLIC LAW TITLE,2018,Total.Dept.of.Defense,89.78
2012,Table 5-6:  DEPARTMENT OF DEFENSE DEFLATORS - BUDGET AUTHORITY BY PUBLIC LAW TITLE,2018,Total.Dept.of.Defense,91.31
2013,Table 5-6:  DEPARTMENT OF DEFENSE DEFLATORS - BUDGET AUTHORITY BY PUBLIC LAW TITLE,2018,Total.Dept.of.Defense,92.84
2014,Table 5-6:  DEPARTMENT OF DEFENSE DEFLATORS - BUDGET AUTHORITY BY PUBLIC LAW TITLE,2018,Total.Dept.of.Defense,93.96
2015,Table 5-6:  DEPARTMENT OF DEFENSE DEFLATORS - BUDGET AUTHORITY BY PUBLIC LAW TITLE,2018,Total.Dept.of.Defense,95.02
2016,Table 5-6:  DEPARTMENT OF DEFENSE DEFLATORS - BUDGET AUTHORITY BY PUBLIC LAW TITLE,2018,Total.Dept.of.Defense,95.97
2017,Table 5-6:  DEPARTMENT OF DEFENSE DEFLATORS - BUDGET AUTHORITY BY PUBLIC LAW TITLE,2018,Total.Dept.of.Defense,97.97
2018,Table 5-6:  DEPARTMENT OF DEFENSE DEFLATORS - BUDGET AUTHORITY BY PUBLIC LAW TITLE,2018,Total.Dept.of.Defense,100
